publication_date,pos,neg
2019-01-01T18:20:00Z,55,30
2019-01-01T21:09:24Z,11,12
2019-01-03T00:00:00Z,4,1
2019-01-03T00:38:08Z,4,6
2019-01-03T04:37:47Z,27,12
2019-01-03T05:14:01Z,4,1
2019-01-03T06:54:21Z,6,4
2019-01-03T07:19:58Z,8,4
2019-01-03T08:22:00Z,6,8
2019-01-03T10:42:00Z,88,62
2019-01-03T14:35:00Z,6,2
2019-01-03T15:54:38Z,16,21
2019-01-03T16:03:05Z,10,5
2019-01-03T16:22:26Z,10,3
2019-01-04T00:00:00Z,8,1
2019-01-04T09:36:17Z,8,5
2019-01-04T12:52:34Z,12,5
2019-01-06T22:23:00Z,9,3
2019-01-07T06:00:01Z,9,2
2019-01-07T09:41:00Z,15,13
2019-01-07T15:03:07Z,2,1
2019-01-07T16:24:38Z,10,3
2019-01-07T22:00:25Z,3,1
2019-01-08T09:35:32Z,14,3
2019-01-09T04:49:00Z,87,43
2019-01-09T13:50:50Z,19,6
2019-01-09T15:00:00Z,2,6
2019-01-09T20:26:05Z,13,6
2019-01-10T04:00:02Z,16,28
2019-01-10T09:40:55Z,11,10
2019-01-10T12:09:23Z,10,11
2019-01-10T12:13:00Z,79,133
2019-01-10T13:00:38Z,1,12
2019-01-10T13:18:00Z,7,7
2019-01-10T14:00:00Z,21,4
2019-01-10T14:13:03Z,1,1
2019-01-10T22:12:00Z,114,105
2019-01-11T05:45:15Z,15,11
2019-01-11T06:16:00Z,10,10
2019-01-11T12:32:42Z,7,1
2019-01-11T13:09:38Z,415,192
2019-01-11T17:10:10Z,12,4
2019-01-11T19:07:00Z,12,6
2019-01-12T05:16:00Z,135,31
2019-01-12T05:36:00Z,135,33
2019-01-12T07:04:33Z,6,3
2019-01-12T07:46:43Z,27,4
2019-01-13T06:07:00Z,131,36
2019-01-13T20:54:00Z,16,1
2019-01-14T17:50:00Z,21,13
2019-01-15T20:23:00Z,22,1
2019-01-16T11:52:30Z,5,1
2019-01-16T15:20:03Z,26,15
2019-01-17T11:30:27Z,11,2
2019-01-17T15:00:00Z,21,14
2019-01-17T21:10:00Z,139,35
2019-01-18T07:13:17Z,0,0
2019-01-18T12:00:00Z,205,90
2019-01-18T17:49:15Z,45,19
2019-01-19T22:40:00Z,112,73
2019-01-20T00:00:00Z,15,14
2019-01-20T01:37:18Z,15,15
2019-01-20T19:00:50Z,4,8
2019-01-21T00:15:27Z,0,3
2019-01-21T08:10:43Z,6,3
2019-01-21T08:31:19Z,8,5
2019-01-21T09:50:41Z,50,39
2019-01-21T11:03:57Z,27,46
2019-01-21T13:41:48Z,13,9
2019-01-21T13:53:00Z,5,2
2019-01-21T19:01:00Z,15,4
2019-01-21T23:01:00Z,3,2
2019-01-21T23:05:27Z,6,4
2019-01-21T23:06:02Z,11,4
2019-01-21T23:06:17Z,9,3
2019-01-21T23:10:12Z,5,3
2019-01-21T23:51:28Z,5,2
2019-01-21T23:55:00Z,4,6
2019-01-21T23:55:10Z,5,4
2019-01-22T00:00:00Z,7,4
2019-01-22T00:13:20Z,7,3
2019-01-22T00:13:57Z,3,2
2019-01-22T01:25:00Z,5,5
2019-01-22T02:00:03Z,2,1
2019-01-22T02:12:30Z,4,3
2019-01-22T05:14:26Z,2,0
2019-01-22T06:26:00Z,4,3
2019-01-22T06:42:00Z,2,1
2019-01-22T07:08:46Z,6,3
2019-01-22T08:15:03Z,5,2
2019-01-22T08:30:05Z,12,0
2019-01-22T08:45:31Z,9,12
2019-01-22T08:50:39Z,21,20
2019-01-22T08:52:22Z,6,2
2019-01-22T09:11:00Z,6,2
2019-01-22T09:21:47Z,2,0
2019-01-22T09:34:43Z,10,5
2019-01-22T09:38:56Z,8,1
2019-01-22T10:49:09Z,12,10
2019-01-22T10:57:00Z,1,1
2019-01-22T11:00:00Z,10,6
2019-01-22T13:21:00Z,18,5
2019-01-22T15:56:02Z,4,1
2019-01-22T16:26:29Z,9,2
2019-01-22T18:44:49Z,1,3
2019-01-23T00:00:00Z,7,1
2019-01-23T01:58:59Z,4,0
2019-01-23T09:13:10Z,2,1
2019-01-23T12:00:00Z,33,33
2019-01-23T14:58:16Z,3,1
2019-01-23T20:46:45Z,4,4
2019-01-24T00:00:00Z,34,17
2019-01-24T07:02:14Z,12,1
2019-01-24T08:03:48Z,9,8
2019-01-24T10:30:00Z,31,13
2019-01-24T13:26:22Z,16,0
2019-01-24T15:14:17Z,3,0
2019-01-24T15:23:00Z,3,4
2019-01-24T15:23:34Z,1,0
2019-01-24T15:24:21Z,4,0
2019-01-24T15:24:36Z,6,1
2019-01-24T15:24:47Z,2,0
2019-01-24T15:24:52Z,8,1
2019-01-24T15:25:49Z,3,8
2019-01-24T15:35:30Z,3,0
2019-01-24T15:36:15Z,7,4
2019-01-24T15:37:30Z,6,3
2019-01-24T15:45:45Z,1,0
2019-01-24T16:06:00Z,4,8
2019-01-24T16:16:32Z,12,1
2019-01-24T16:16:58Z,9,1
2019-01-24T16:20:20Z,13,11
2019-01-24T16:23:17Z,8,1
2019-01-24T16:40:19Z,16,4
2019-01-24T17:10:00Z,11,4
2019-01-24T17:10:44Z,14,11
2019-01-24T17:17:03Z,5,2
2019-01-24T17:27:19Z,15,6
2019-01-24T17:41:44Z,15,5
2019-01-24T17:41:49Z,16,4
2019-01-24T17:43:38Z,12,4
2019-01-24T17:45:26Z,18,14
2019-01-24T17:51:16Z,16,4
2019-01-24T18:35:07Z,17,4
2019-01-24T18:39:17Z,12,11
2019-01-24T19:16:16Z,6,1
2019-01-25T00:00:00Z,11,4
2019-01-25T09:11:00Z,9,4
2019-01-25T10:34:54Z,14,0
2019-01-25T15:37:25Z,5,4
2019-01-25T15:42:48Z,20,19
2019-01-26T00:00:00Z,8,8
2019-01-26T14:38:00Z,7,5
2019-01-26T21:43:52Z,13,9
2019-01-27T12:35:19Z,37,26
2019-01-27T16:51:00Z,8,4
2019-01-27T17:02:35Z,17,13
2019-01-27T17:03:15Z,65,49
2019-01-27T18:04:15Z,34,20
2019-01-27T18:05:34Z,37,21
2019-01-27T18:07:00Z,13,19
2019-01-27T18:17:26Z,0,0
2019-01-27T18:34:10Z,23,16
2019-01-27T18:45:01Z,52,25
2019-01-27T19:05:00Z,16,11
2019-01-27T19:13:48Z,18,18
2019-01-27T19:30:09Z,16,15
2019-01-27T19:55:00Z,18,18
2019-01-27T20:20:46Z,31,17
2019-01-27T20:28:30Z,50,27
2019-01-27T21:00:24Z,18,0
2019-01-27T21:14:00Z,2,3
2019-01-27T21:46:07Z,36,17
2019-01-27T22:53:10Z,10,9
2019-01-27T23:00:00Z,52,33
2019-01-28T00:00:00Z,99,50
2019-01-28T00:22:00Z,137,47
2019-01-28T00:40:00Z,125,40
2019-01-28T01:14:00Z,4,1
2019-01-28T01:56:00Z,131,46
2019-01-28T02:17:09Z,14,12
2019-01-28T02:26:45Z,15,13
2019-01-28T02:32:22Z,46,89
2019-01-28T02:36:00Z,22,12
2019-01-28T02:58:35Z,15,12
2019-01-28T03:03:17Z,34,21
2019-01-28T03:25:43Z,16,13
2019-01-28T03:44:23Z,10,10
2019-01-28T05:51:38Z,13,13
2019-01-28T06:17:08Z,20,11
2019-01-28T06:18:36Z,34,20
2019-01-28T06:32:00Z,17,12
2019-01-28T06:37:02Z,18,13
2019-01-28T07:05:44Z,89,53
2019-01-28T07:34:56Z,18,14
2019-01-28T07:44:00Z,22,14
2019-01-28T07:55:09Z,12,10
2019-01-28T08:17:58Z,47,21
2019-01-28T08:30:32Z,31,31
2019-01-28T08:35:52Z,37,40
2019-01-28T08:41:28Z,28,15
2019-01-28T08:48:46Z,14,4
2019-01-28T09:00:28Z,23,5
2019-01-28T09:45:03Z,39,22
2019-01-28T09:57:00Z,35,33
2019-01-28T10:12:24Z,19,5
2019-01-28T10:22:14Z,21,12
2019-01-28T10:36:39Z,27,8
2019-01-28T11:00:26Z,1,0
2019-01-28T11:11:04Z,32,11
2019-01-28T11:42:13Z,3,2
2019-01-28T12:00:00Z,427,301
2019-01-28T12:16:37Z,25,11
2019-01-28T12:31:19Z,37,23
2019-01-28T12:39:15Z,10,10
2019-01-28T12:52:12Z,34,34
2019-01-28T12:52:26Z,35,27
2019-01-28T12:55:18Z,33,44
2019-01-28T12:59:26Z,40,45
2019-01-28T13:20:32Z,58,49
2019-01-28T13:24:20Z,36,21
2019-01-28T13:24:26Z,12,3
2019-01-28T15:58:42Z,40,37
2019-01-28T16:03:00Z,24,8
2019-01-28T16:14:13Z,5,3
2019-01-28T16:43:04Z,22,15
2019-01-28T16:46:14Z,43,38
2019-01-28T16:47:04Z,40,33
2019-01-28T16:50:20Z,46,40
2019-01-28T17:08:28Z,43,28
2019-01-28T17:11:06Z,51,39
2019-01-28T17:34:47Z,44,27
2019-01-28T18:11:43Z,30,46
2019-01-28T18:17:57Z,43,14
2019-01-28T19:01:07Z,11,15
2019-01-28T19:03:20Z,50,35
2019-01-28T19:05:18Z,51,36
2019-01-28T19:46:00Z,75,79
2019-01-28T20:57:16Z,18,15
2019-01-28T21:36:23Z,53,38
2019-01-28T22:25:38Z,13,4
2019-01-28T22:55:00Z,53,31
2019-01-29T00:00:00Z,50,36
2019-01-29T00:11:53Z,18,10
2019-01-29T00:13:54Z,23,9
2019-01-29T00:38:00Z,8,1
2019-01-29T01:08:00Z,63,90
2019-01-29T01:13:10Z,20,7
2019-01-29T01:24:37Z,4,3
2019-01-29T02:12:57Z,10,6
2019-01-29T04:33:49Z,12,14
2019-01-29T05:22:10Z,21,9
2019-01-29T06:13:09Z,55,31
2019-01-29T06:45:30Z,12,9
2019-01-29T08:36:48Z,5,0
2019-01-29T09:54:13Z,8,5
2019-01-29T12:15:28Z,9,1
2019-01-29T12:20:00Z,38,38
2019-01-29T12:21:29Z,58,38
2019-01-29T12:22:56Z,6,6
2019-01-29T12:35:29Z,31,16
2019-01-29T13:08:46Z,22,21
2019-01-29T13:09:20Z,41,20
2019-01-29T13:10:43Z,19,14
2019-01-29T13:39:00Z,138,49
2019-01-29T14:27:33Z,13,11
2019-01-29T16:34:04Z,0,1
2019-01-29T17:45:36Z,25,17
2019-01-29T23:32:00Z,121,32
2019-01-29T23:41:00Z,30,22
2019-01-30T00:36:00Z,20,8
2019-01-30T06:31:00Z,91,51
2019-01-30T09:21:42Z,8,8
2019-01-30T10:09:03Z,6,4
2019-01-30T12:00:00Z,27,14
2019-01-30T12:30:25Z,22,21
2019-01-30T15:43:58Z,4,0
2019-01-30T16:01:00Z,13,9
2019-01-30T16:59:17Z,24,14
2019-01-30T17:30:00Z,0,0
2019-01-30T18:03:01Z,3,0
2019-01-30T18:10:19Z,20,11
2019-01-30T19:25:28Z,16,15
2019-01-30T20:52:44Z,2,4
2019-01-31T01:31:00Z,134,50
2019-01-31T05:35:00Z,21,21
2019-01-31T07:04:49Z,35,23
2019-01-31T07:19:00Z,137,54
2019-01-31T09:08:37Z,26,18
2019-01-31T11:21:56Z,10,5
2019-01-31T11:31:15Z,4,2
2019-01-31T11:32:15Z,2,1
2019-01-31T17:43:38Z,6,7
2019-01-31T18:34:46Z,6,1
2019-01-31T22:52:24Z,43,18
2019-01-31T23:00:00Z,26,22
2019-02-01T00:00:00Z,22,20
2019-02-01T03:00:30Z,16,6
2019-02-01T03:30:00Z,5,1
2019-02-01T03:39:00Z,65,89
2019-02-01T05:54:19Z,59,55
2019-02-01T05:59:42Z,43,9
2019-02-01T06:19:00Z,131,48
2019-02-01T06:28:30Z,5,0
2019-02-01T09:00:00Z,5,3
2019-02-01T09:07:17Z,31,21
2019-02-01T09:08:27Z,24,22
2019-02-01T09:10:35Z,29,31
2019-02-01T09:37:35Z,30,21
2019-02-01T10:58:23Z,5,3
2019-02-01T12:37:23Z,38,15
2019-02-01T14:45:00Z,26,23
2019-02-01T15:50:00Z,38,31
2019-02-01T17:25:51Z,17,18
2019-02-01T17:38:51Z,10,7
2019-02-02T12:00:00Z,10,10
2019-02-02T15:44:08Z,2,0
2019-02-03T11:58:38Z,28,22
2019-02-04T00:00:00Z,25,24
2019-02-04T02:00:00Z,2,2
2019-02-04T03:30:00Z,20,21
2019-02-04T13:35:30Z,6,2
2019-02-04T16:27:19Z,30,18
2019-02-04T16:28:31Z,0,0
2019-02-04T17:05:00Z,1,4
2019-02-04T17:05:30Z,0,0
2019-02-04T17:05:38Z,1,0
2019-02-04T17:05:59Z,0,0
2019-02-04T17:06:07Z,4,0
2019-02-04T17:06:23Z,6,1
2019-02-04T17:10:05Z,3,10
2019-02-04T17:14:43Z,15,6
2019-02-04T17:35:28Z,1,1
2019-02-04T17:45:06Z,1,0
2019-02-04T17:45:25Z,3,11
2019-02-04T18:04:00Z,2,3
2019-02-05T10:12:18Z,6,6
2019-02-05T11:09:00Z,97,19
2019-02-05T11:35:15Z,16,8
2019-02-05T13:23:24Z,23,36
2019-02-05T14:00:00Z,19,23
2019-02-06T09:15:00Z,128,60
2019-02-06T09:23:41Z,26,22
2019-02-06T11:47:17Z,71,48
2019-02-06T13:46:47Z,1,12
2019-02-06T13:55:21Z,21,19
2019-02-06T18:57:28Z,3,3
2019-02-06T18:58:02Z,6,3
2019-02-06T18:58:07Z,8,4
2019-02-06T23:59:38Z,7,2
2019-02-07T00:00:00Z,16,17
2019-02-07T04:00:03Z,34,5
2019-02-07T10:57:38Z,19,5
2019-02-07T12:00:00Z,51,35
2019-02-07T13:20:48Z,32,10
2019-02-07T13:34:13Z,12,4
2019-02-07T13:34:21Z,9,4
2019-02-07T13:34:31Z,12,5
2019-02-07T13:35:22Z,13,4
2019-02-07T13:35:37Z,15,5
2019-02-07T13:35:44Z,18,10
2019-02-07T15:25:09Z,6,7
2019-02-07T15:30:45Z,20,18
2019-02-08T00:52:00Z,173,28
2019-02-08T01:07:49Z,5,4
2019-02-08T01:24:15Z,5,1
2019-02-08T02:41:00Z,6,5
2019-02-08T03:49:00Z,81,97
2019-02-08T07:45:00Z,6,7
2019-02-08T12:56:00Z,10,2
2019-02-09T11:38:15Z,12,2
2019-02-10T00:00:00Z,68,37
2019-02-10T11:56:58Z,2,1
2019-02-11T13:40:57Z,18,20
2019-02-11T16:33:37Z,6,9
2019-02-11T19:44:58Z,10,39
2019-02-11T23:16:41Z,4,1
2019-02-12T11:31:51Z,7,3
2019-02-12T15:05:00Z,2,21
2019-02-12T23:01:30Z,6,5
2019-02-12T23:05:00Z,47,35
2019-02-12T23:07:10Z,2,7
2019-02-12T23:45:59Z,18,5
2019-02-13T06:00:00Z,16,9
2019-02-13T09:30:00Z,5,2
2019-02-13T10:26:22Z,9,2
2019-02-13T11:09:43Z,13,27
2019-02-13T11:44:51Z,8,8
2019-02-13T11:45:00Z,34,36
2019-02-13T14:34:00Z,163,125
2019-02-13T16:22:00Z,56,44
2019-02-13T23:09:23Z,9,3
2019-02-14T00:00:00Z,106,111
2019-02-14T08:24:55Z,2,1
2019-02-14T08:25:08Z,2,1
2019-02-14T08:26:22Z,3,4
2019-02-14T08:26:58Z,6,1
2019-02-14T08:27:13Z,8,2
2019-02-14T08:30:09Z,7,9
2019-02-14T08:38:01Z,2,1
2019-02-14T08:39:18Z,8,9
2019-02-14T08:40:08Z,10,9
2019-02-14T08:46:12Z,2,1
2019-02-14T09:57:42Z,7,8
2019-02-14T10:00:27Z,11,17
2019-02-14T10:00:58Z,6,17
2019-02-14T12:02:37Z,7,8
2019-02-14T14:53:23Z,7,5
2019-02-14T15:39:14Z,4,12
2019-02-14T16:53:47Z,6,5
2019-02-14T18:58:42Z,12,31
2019-02-14T21:00:43Z,9,2
2019-02-14T23:16:00Z,3,0
2019-02-15T03:00:00Z,21,23
2019-02-15T07:43:10Z,5,4
2019-02-15T12:17:04Z,4,0
2019-02-16T00:00:00Z,7,3
2019-02-16T06:23:51Z,4,1
2019-02-16T08:43:16Z,23,32
2019-02-16T14:07:18Z,5,3
2019-02-18T17:16:52Z,2,11
2019-02-18T19:46:00Z,122,42
2019-02-18T22:57:00Z,9,4
2019-02-18T23:45:00Z,4,5
2019-02-19T08:11:00Z,25,11
2019-02-21T07:54:00Z,42,13
2019-02-21T09:03:00Z,55,30
2019-02-21T10:10:55Z,16,10
2019-02-21T19:06:33Z,7,34
2019-02-22T04:19:00Z,4,11
2019-02-22T04:58:00Z,62,35
2019-02-22T13:39:19Z,32,27
2019-02-22T14:01:13Z,5,0
2019-02-22T14:37:00Z,65,42
2019-02-23T10:36:06Z,15,23
2019-02-24T11:56:56Z,4,5
2019-02-24T13:44:20Z,5,3
2019-02-24T15:37:55Z,14,8
2019-02-25T00:01:20Z,6,14
2019-02-25T05:44:42Z,15,33
2019-02-25T09:38:00Z,23,9
2019-02-25T12:00:00Z,160,23
2019-02-25T17:15:29Z,40,21
2019-02-25T18:00:31Z,10,28
2019-02-26T04:00:22Z,23,5
2019-02-26T19:41:24Z,13,33
2019-02-26T19:58:56Z,1,4
2019-02-26T20:06:12Z,32,11
2019-02-27T01:05:44Z,134,17
2019-02-27T01:24:06Z,12,4
2019-02-28T01:14:19Z,7,3
2019-02-28T01:18:30Z,4,1
2019-02-28T04:36:18Z,5,13
2019-02-28T11:42:00Z,55,49
2019-03-01T05:00:00Z,14,27
2019-03-01T05:54:06Z,10,20
2019-03-01T07:15:00Z,3,3
2019-03-02T12:00:00Z,7,4
2019-03-02T18:08:41Z,2,26
2019-03-02T19:03:51Z,9,24
2019-03-02T20:38:19Z,5,18
2019-03-04T09:34:41Z,8,4
2019-03-04T13:14:54Z,15,13
2019-03-04T21:37:00Z,8,0
2019-03-05T00:00:00Z,15,11
2019-03-05T03:15:22Z,28,7
2019-03-05T04:00:00Z,13,14
2019-03-05T04:00:06Z,9,12
2019-03-05T04:04:00Z,7,13
2019-03-05T04:12:59Z,11,18
2019-03-05T06:19:30Z,10,7
2019-03-05T08:14:59Z,17,13
2019-03-05T10:15:38Z,5,8
2019-03-05T10:58:37Z,21,14
2019-03-05T11:46:20Z,22,12
2019-03-05T12:14:24Z,4,29
2019-03-05T12:41:03Z,16,12
2019-03-05T14:36:50Z,10,11
2019-03-05T15:22:30Z,13,10
2019-03-05T18:13:25Z,13,9
2019-03-06T00:00:00Z,207,192
2019-03-06T00:40:50Z,10,17
2019-03-06T17:21:23Z,24,32
2019-03-08T00:00:00Z,103,101
2019-03-08T03:00:00Z,54,24
2019-03-08T11:10:00Z,4,6
2019-03-08T14:15:03Z,39,31
2019-03-08T17:48:00Z,71,76
2019-03-09T00:00:00Z,64,72
2019-03-09T00:39:33Z,27,6
2019-03-09T03:30:00Z,11,2
2019-03-09T07:47:59Z,4,4
2019-03-09T09:44:20Z,41,15
2019-03-09T15:25:00Z,6,1
2019-03-10T00:00:00Z,166,173
2019-03-11T06:51:30Z,29,24
2019-03-11T10:10:00Z,26,20
2019-03-11T10:34:00Z,13,6
2019-03-11T12:00:00Z,11,4
2019-03-11T14:37:17Z,57,67
2019-03-12T05:39:00Z,9,14
2019-03-12T08:00:00Z,13,9
2019-03-12T09:20:33Z,9,0
2019-03-12T15:58:27Z,9,2
2019-03-12T16:15:32Z,11,7
2019-03-12T19:17:48Z,6,0
2019-03-13T00:00:00Z,90,96
2019-03-13T05:13:23Z,26,13
2019-03-13T06:00:03Z,66,14
2019-03-13T09:12:00Z,40,6
2019-03-13T12:40:51Z,4,0
2019-03-13T13:42:44Z,19,18
2019-03-13T16:03:25Z,19,6
2019-03-14T07:11:00Z,12,3
2019-03-14T19:11:00Z,3,6
2019-03-15T07:00:30Z,12,1
2019-03-15T18:30:00Z,11,23
2019-03-16T03:01:59Z,13,8
2019-03-17T00:00:00Z,41,5
2019-03-17T11:29:38Z,6,2
2019-03-17T12:00:00Z,28,4
2019-03-17T12:01:00Z,15,1
2019-03-17T12:01:05Z,30,4
2019-03-17T12:01:36Z,29,4
2019-03-17T12:05:11Z,33,4
2019-03-17T12:07:04Z,19,1
2019-03-17T12:07:19Z,21,2
2019-03-17T12:10:35Z,17,4
2019-03-17T19:00:04Z,0,5
2019-03-18T00:00:00Z,10,2
2019-03-18T00:01:09Z,11,7
2019-03-18T06:45:37Z,9,9
2019-03-18T12:18:48Z,17,31
2019-03-18T14:41:43Z,9,13
2019-03-18T19:12:18Z,3,7
2019-03-18T23:00:00Z,29,10
2019-03-18T23:00:04Z,27,6
2019-03-18T23:08:16Z,21,5
2019-03-19T07:30:19Z,26,7
2019-03-19T08:25:00Z,22,19
2019-03-19T11:20:00Z,21,11
2019-03-19T13:49:11Z,4,9
2019-03-19T14:16:53Z,3,9
2019-03-19T14:40:00Z,11,3
2019-03-19T16:10:20Z,20,1
2019-03-19T17:23:45Z,17,3
2019-03-20T00:00:00Z,57,56
2019-03-20T00:06:00Z,33,27
2019-03-20T00:06:31Z,16,20
2019-03-20T06:00:41Z,17,4
2019-03-20T06:19:27Z,25,3
2019-03-20T08:00:00Z,27,18
2019-03-20T08:00:16Z,0,6
2019-03-20T08:01:09Z,1,5
2019-03-20T08:01:10Z,4,2
2019-03-20T08:01:26Z,6,3
2019-03-20T08:01:47Z,10,4
2019-03-20T08:05:17Z,3,2
2019-03-20T09:10:55Z,24,7
2019-03-20T09:18:03Z,0,2
2019-03-20T09:20:00Z,0,2
2019-03-20T10:00:42Z,23,17
2019-03-20T10:12:31Z,8,5
2019-03-20T11:29:41Z,20,36
2019-03-20T12:37:24Z,27,24
2019-03-20T14:42:37Z,21,9
2019-03-20T14:54:19Z,57,56
2019-03-20T15:15:48Z,10,0
2019-03-20T15:33:45Z,6,2
2019-03-20T16:26:51Z,23,0
2019-03-20T16:51:48Z,4,6
2019-03-20T16:52:17Z,2,3
2019-03-20T16:52:54Z,1,7
2019-03-20T18:54:27Z,14,4
2019-03-20T20:28:09Z,9,5
2019-03-20T20:56:50Z,33,24
2019-03-21T00:00:00Z,55,53
2019-03-21T04:43:58Z,3,1
2019-03-21T09:08:41Z,12,19
2019-03-21T12:49:11Z,13,7
2019-03-21T18:06:25Z,11,0
2019-03-21T19:50:48Z,1,6
2019-03-22T03:30:00Z,10,8
2019-03-22T12:59:12Z,15,7
2019-03-22T19:59:12Z,10,7
2019-03-22T20:12:57Z,10,6
2019-03-22T21:12:10Z,10,4
2019-03-23T20:43:30Z,2,6
2019-03-24T00:01:24Z,9,9
2019-03-25T07:00:10Z,51,24
2019-03-25T07:52:25Z,18,8
2019-03-25T09:19:48Z,9,0
2019-03-25T20:22:59Z,15,16
2019-03-26T08:49:56Z,5,173
2019-03-27T06:41:05Z,1,17
2019-03-27T08:45:10Z,2,8
2019-03-27T09:00:36Z,57,53
2019-03-28T05:05:00Z,30,7
2019-03-28T08:00:02Z,53,1
2019-03-28T12:53:00Z,2,15
2019-03-28T14:14:00Z,1,5
2019-03-28T16:44:01Z,5,2
2019-03-29T00:32:55Z,6,2
2019-03-29T02:30:00Z,15,8
2019-03-29T08:18:00Z,12,4
2019-03-29T11:32:51Z,14,4
2019-03-30T00:01:37Z,9,9
2019-03-31T06:14:53Z,16,5
2019-04-01T00:31:14Z,11,8
2019-04-01T04:00:00Z,32,12
2019-04-01T15:20:20Z,20,23
2019-04-01T16:52:06Z,13,3
2019-04-01T18:43:36Z,5,5
2019-04-02T12:47:02Z,5,9
2019-04-02T14:06:47Z,21,16
2019-04-03T03:20:00Z,11,5
2019-04-03T04:00:04Z,35,32
2019-04-03T06:34:01Z,3,2
2019-04-03T08:10:22Z,15,13
2019-04-03T12:18:28Z,1,0
2019-04-03T12:20:16Z,11,10
2019-04-03T19:53:59Z,8,19
2019-04-04T04:14:39Z,3,1
2019-04-04T05:14:39Z,20,3
2019-04-04T07:05:00Z,22,2
2019-04-04T08:17:59Z,14,3
2019-04-04T08:34:39Z,31,6
2019-04-04T08:51:19Z,95,27
2019-04-04T11:07:44Z,8,5
2019-04-04T12:54:23Z,2,10
2019-04-04T14:17:28Z,1,4
2019-04-04T14:38:27Z,8,2
2019-04-04T15:14:42Z,1,2
2019-04-04T15:43:01Z,2,10
2019-04-04T16:30:13Z,4,7
2019-04-04T17:46:23Z,12,24
2019-04-04T20:17:43Z,27,34
2019-04-04T20:33:40Z,14,27
2019-04-04T20:51:44Z,3,0
2019-04-04T21:54:24Z,2,8
2019-04-05T06:36:58Z,7,9
2019-04-05T07:21:55Z,27,34
2019-04-05T07:58:25Z,2,1
2019-04-07T07:49:43Z,18,16
2019-04-07T12:52:01Z,8,7
2019-04-08T05:00:02Z,49,20
2019-04-08T06:27:00Z,46,34
2019-04-09T14:25:40Z,13,10
2019-04-09T15:56:22Z,18,23
2019-04-10T11:12:00Z,7,2
2019-04-10T13:52:55Z,15,13
2019-04-10T17:14:58Z,19,8
2019-04-10T18:01:06Z,9,6
2019-04-10T18:01:59Z,6,5
2019-04-10T20:28:53Z,7,29
2019-04-10T21:07:01Z,5,14
2019-04-11T03:02:41Z,8,2
2019-04-11T07:26:13Z,59,24
2019-04-11T08:41:00Z,10,5
2019-04-12T05:45:40Z,39,27
2019-04-13T07:23:21Z,18,17
2019-04-15T17:59:06Z,52,9
2019-04-15T23:00:00Z,5,0
2019-04-16T05:00:00Z,31,6
2019-04-16T08:59:36Z,4,0
2019-04-16T08:59:55Z,13,1
2019-04-16T09:48:52Z,6,2
2019-04-16T14:44:40Z,24,6
2019-04-16T15:23:24Z,0,0
2019-04-16T15:24:00Z,4,0
2019-04-16T22:24:01Z,2,0
2019-04-17T14:34:28Z,7,1
2019-04-17T17:12:35Z,5,2
2019-04-17T23:41:02Z,8,3
2019-04-18T01:57:00Z,10,4
2019-04-18T02:22:02Z,4,0
2019-04-18T21:33:24Z,9,8
2019-04-18T22:45:40Z,0,4
2019-04-19T14:06:50Z,3,0
2019-04-20T08:01:00Z,14,1
2019-04-22T03:27:44Z,21,4
2019-04-22T11:21:18Z,12,4
2019-04-22T13:33:12Z,1,4
2019-04-22T13:35:32Z,2,4
2019-04-22T14:20:30Z,3,4
2019-04-22T15:15:29Z,6,3
2019-04-22T16:06:58Z,14,26
2019-04-22T19:21:56Z,5,6
2019-04-22T20:56:05Z,18,5
2019-04-22T21:23:22Z,6,5
2019-04-22T23:57:58Z,8,6
2019-04-23T00:00:00Z,8,3
2019-04-23T00:23:04Z,10,6
2019-04-23T01:31:47Z,8,3
2019-04-23T04:57:00Z,19,45
2019-04-23T05:45:00Z,12,3
2019-04-23T07:11:45Z,2,7
2019-04-23T16:11:00Z,10,6
2019-04-23T16:42:27Z,9,4
2019-04-24T08:10:02Z,16,9
2019-04-24T11:30:56Z,8,16
2019-04-24T13:16:17Z,6,6
2019-04-24T13:16:33Z,7,7
2019-04-24T13:16:55Z,8,7
2019-04-25T00:00:00Z,4,1
2019-04-25T01:57:00Z,4,10
2019-04-25T08:57:00Z,12,7
2019-04-25T14:33:00Z,16,5
2019-04-25T14:52:00Z,5,5
2019-04-25T15:35:20Z,11,2
2019-04-25T15:36:13Z,3,1
2019-04-25T15:36:37Z,3,0
2019-04-25T15:52:16Z,8,5
2019-04-25T15:53:20Z,8,1
2019-04-25T15:55:29Z,5,4
2019-04-25T16:00:15Z,3,1
2019-04-25T16:10:09Z,6,3
2019-04-25T17:03:49Z,11,2
2019-04-25T17:53:09Z,6,2
2019-04-25T17:53:46Z,5,3
2019-04-25T20:07:56Z,10,4
2019-04-26T00:00:00Z,3,0
2019-04-26T06:31:25Z,14,15
2019-04-26T09:42:00Z,10,3
2019-04-26T10:30:00Z,11,2
2019-04-26T10:33:05Z,14,13
2019-04-27T08:01:00Z,2,0
2019-04-28T22:11:34Z,13,7
2019-04-29T05:21:08Z,13,8
2019-04-29T12:47:51Z,27,18
2019-04-30T00:00:00Z,20,20
2019-04-30T04:00:00Z,22,28
2019-04-30T04:00:02Z,5,15
2019-04-30T04:14:35Z,8,13
2019-04-30T04:17:27Z,5,4
2019-04-30T05:36:20Z,11,3
2019-04-30T09:13:00Z,24,6
2019-04-30T11:16:11Z,12,14
2019-04-30T12:06:59Z,6,5
2019-04-30T14:13:17Z,5,5
2019-04-30T16:08:34Z,16,12
2019-05-01T15:11:02Z,0,2
2019-05-01T15:39:51Z,0,4
2019-05-01T15:43:56Z,1,1
2019-05-01T16:53:34Z,20,8
2019-05-01T19:44:28Z,1,6
2019-05-02T00:00:00Z,64,75
2019-05-02T04:16:58Z,0,2
2019-05-02T05:01:45Z,1,4
2019-05-02T05:07:00Z,68,84
2019-05-02T06:12:32Z,4,17
2019-05-02T07:07:00Z,1,2
2019-05-02T07:18:00Z,11,20
2019-05-02T08:13:20Z,3,4
2019-05-02T09:42:47Z,8,6
2019-05-02T10:20:26Z,1,3
2019-05-02T12:02:30Z,8,5
2019-05-02T12:24:00Z,27,18
2019-05-02T13:53:18Z,2,5
2019-05-02T13:54:05Z,13,11
2019-05-02T14:20:58Z,4,10
2019-05-02T16:31:23Z,3,2
2019-05-03T03:01:06Z,12,5
2019-05-04T15:30:18Z,6,3
2019-05-06T00:00:00Z,27,24
2019-05-06T04:58:25Z,15,6
2019-05-06T05:31:00Z,15,10
2019-05-06T06:41:48Z,14,8
2019-05-06T07:09:01Z,1,14
2019-05-06T07:29:00Z,9,5
2019-05-06T07:53:39Z,13,9
2019-05-06T08:26:57Z,37,67
2019-05-06T08:36:38Z,8,11
2019-05-06T08:37:00Z,10,6
2019-05-06T08:44:40Z,12,6
2019-05-06T09:00:53Z,14,10
2019-05-06T09:33:45Z,7,3
2019-05-06T09:38:19Z,9,16
2019-05-06T10:02:43Z,4,8
2019-05-06T11:01:06Z,0,0
2019-05-06T11:09:26Z,0,0
2019-05-06T12:31:32Z,2,7
2019-05-06T12:45:00Z,43,62
2019-05-06T12:55:26Z,3,2
2019-05-06T13:04:00Z,3,9
2019-05-06T14:11:36Z,21,12
2019-05-06T14:34:29Z,13,11
2019-05-06T15:37:33Z,10,18
2019-05-06T15:37:58Z,7,4
2019-05-06T15:44:35Z,15,12
2019-05-06T16:03:52Z,0,1
2019-05-06T16:04:44Z,18,23
2019-05-06T16:37:53Z,8,3
2019-05-06T16:48:05Z,6,9
2019-05-06T17:10:24Z,12,16
2019-05-06T18:05:51Z,14,12
2019-05-06T18:30:00Z,14,14
2019-05-06T19:35:38Z,18,38
2019-05-06T22:45:53Z,10,16
2019-05-06T23:27:54Z,11,9
2019-05-07T00:27:00Z,17,9
2019-05-07T01:39:11Z,4,0
2019-05-07T04:11:22Z,21,10
2019-05-07T05:46:40Z,3,6
2019-05-07T06:04:53Z,54,84
2019-05-07T06:44:08Z,0,2
2019-05-07T08:41:48Z,14,14
2019-05-07T12:00:00Z,3,8
2019-05-07T12:32:43Z,7,13
2019-05-07T12:54:00Z,5,8
2019-05-07T13:15:20Z,1,12
2019-05-07T13:31:56Z,2,2
2019-05-07T14:19:50Z,3,9
2019-05-07T15:29:00Z,29,20
2019-05-07T17:06:10Z,11,7
2019-05-07T17:49:00Z,19,4
2019-05-08T09:51:20Z,32,22
2019-05-08T13:57:13Z,3,2
2019-05-08T21:45:00Z,5,9
2019-05-09T03:00:00Z,6,10
2019-05-09T06:29:47Z,9,9
2019-05-09T08:25:16Z,5,8
2019-05-09T13:06:12Z,10,1
2019-05-09T13:22:52Z,34,5
2019-05-09T16:56:34Z,3,1
2019-05-09T20:24:47Z,9,11
2019-05-10T08:00:00Z,14,11
2019-05-10T10:46:40Z,4,0
2019-05-10T12:21:42Z,12,5
2019-05-10T15:30:00Z,12,3
2019-05-10T16:52:28Z,4,10
2019-05-10T16:59:51Z,5,14
2019-05-10T18:18:18Z,7,15
2019-05-11T19:55:00Z,11,3
2019-05-12T07:30:32Z,6,9
2019-05-12T16:18:00Z,77,15
2019-05-13T10:15:00Z,24,48
2019-05-13T16:28:49Z,56,69
2019-05-13T17:33:24Z,8,5
2019-05-13T23:05:44Z,23,24
2019-05-15T01:21:00Z,6,2
2019-05-16T07:10:00Z,7,3
2019-05-16T15:18:00Z,15,12
2019-05-16T17:10:46Z,1,0
2019-05-16T17:29:51Z,4,6
2019-05-17T00:00:00Z,53,25
2019-05-17T00:18:43Z,8,5
2019-05-17T06:03:00Z,11,6
2019-05-17T06:46:00Z,5,9
2019-05-17T08:07:31Z,32,9
2019-05-17T08:29:01Z,45,19
2019-05-17T10:03:00Z,3,6
2019-05-17T10:09:00Z,3,10
2019-05-17T10:30:42Z,11,9
2019-05-17T10:58:04Z,4,1
2019-05-17T11:00:40Z,3,4
2019-05-17T11:00:46Z,2,1
2019-05-17T11:01:24Z,6,2
2019-05-17T11:02:39Z,3,3
2019-05-17T11:02:51Z,4,4
2019-05-17T11:03:38Z,9,7
2019-05-17T11:03:49Z,8,2
2019-05-17T11:05:13Z,5,16
2019-05-17T11:05:34Z,10,19
2019-05-17T11:09:03Z,3,7
2019-05-17T11:09:11Z,2,6
2019-05-17T11:09:56Z,7,13
2019-05-17T11:16:00Z,12,4
2019-05-17T11:49:40Z,5,1
2019-05-17T11:57:49Z,15,9
2019-05-17T13:14:37Z,41,17
2019-05-17T14:35:57Z,16,11
2019-05-17T15:53:57Z,5,6
2019-05-17T15:54:03Z,4,5
2019-05-17T15:54:47Z,5,5
2019-05-17T16:00:00Z,4,10
2019-05-17T16:35:19Z,6,4
2019-05-18T00:00:00Z,4,4
2019-05-18T03:44:09Z,6,6
2019-05-18T04:49:41Z,5,5
2019-05-19T12:20:49Z,11,14
2019-05-20T00:00:00Z,17,13
2019-05-20T00:26:56Z,8,8
2019-05-20T01:03:11Z,7,7
2019-05-20T01:07:56Z,9,5
2019-05-20T04:41:18Z,14,6
2019-05-20T06:06:00Z,25,41
2019-05-21T09:15:33Z,7,9
2019-05-21T11:40:40Z,4,15
2019-05-21T13:22:09Z,7,6
2019-05-21T16:13:35Z,12,46
2019-05-21T16:43:48Z,5,29
2019-05-21T17:16:04Z,15,32
2019-05-21T18:24:50Z,8,22
2019-05-22T05:08:14Z,6,34
2019-05-22T09:49:00Z,42,0
2019-05-22T10:15:00Z,7,6
2019-05-23T01:38:00Z,9,1
2019-05-23T05:51:17Z,1,2
2019-05-23T07:12:44Z,17,3
2019-05-23T10:49:24Z,10,2
2019-05-23T16:00:00Z,12,5
2019-05-24T09:18:18Z,18,14
2019-05-24T09:18:40Z,8,1
2019-05-24T11:05:06Z,3,4
2019-05-24T12:24:02Z,2,2
2019-05-27T20:24:16Z,9,0
2019-05-29T13:46:55Z,4,1
2019-05-29T16:34:36Z,4,1
2019-05-31T16:14:22Z,20,4
2019-05-31T16:59:34Z,1,1
2019-06-02T07:00:12Z,32,22
2019-06-03T05:13:16Z,5,4
2019-06-04T04:02:35Z,18,12
2019-06-04T06:56:17Z,9,17
2019-06-04T10:07:18Z,0,1
2019-06-04T10:15:05Z,1,1
2019-06-04T12:06:08Z,6,10
2019-06-04T13:07:33Z,0,3
2019-06-04T13:58:43Z,2,3
2019-06-04T15:05:31Z,6,4
2019-06-04T16:28:58Z,0,1
2019-06-05T10:05:18Z,7,14
2019-06-05T11:11:34Z,1,0
2019-06-06T04:00:00Z,28,9
2019-06-06T04:00:07Z,127,35
2019-06-06T15:17:19Z,5,5
2019-06-06T17:12:08Z,37,8
2019-06-10T00:00:00Z,1,3
2019-06-10T03:30:00Z,1,3
2019-06-10T06:17:57Z,1,4
2019-06-10T06:18:11Z,1,3
2019-06-10T06:18:24Z,10,7
2019-06-10T06:18:38Z,3,9
2019-06-10T06:19:02Z,5,3
2019-06-10T06:19:19Z,7,4
2019-06-10T06:34:33Z,2,4
2019-06-10T06:34:37Z,1,6
2019-06-10T06:45:51Z,1,4
2019-06-10T08:06:10Z,1,3
2019-06-10T12:26:00Z,11,2
2019-06-10T12:37:23Z,0,0
2019-06-10T13:18:11Z,3,3
2019-06-11T16:02:11Z,8,25
2019-06-11T16:23:01Z,1,11
2019-06-12T00:00:00Z,3,4
2019-06-12T06:49:10Z,14,6
2019-06-12T09:30:51Z,29,0
2019-06-12T14:24:18Z,18,16
2019-06-12T15:09:04Z,7,5
2019-06-12T15:17:44Z,14,7
2019-06-12T15:22:01Z,14,7
2019-06-12T15:25:44Z,6,5
2019-06-12T15:48:44Z,3,6
2019-06-12T15:48:51Z,6,9
2019-06-12T15:50:01Z,8,5
2019-06-12T15:50:14Z,9,6
2019-06-12T15:50:23Z,9,6
2019-06-12T15:50:25Z,5,8
2019-06-12T16:20:00Z,3,4
2019-06-12T17:09:37Z,5,6
2019-06-12T18:50:56Z,2,3
2019-06-12T22:52:27Z,3,4
2019-06-13T00:13:20Z,3,5
2019-06-13T15:26:00Z,4,9
2019-06-13T17:00:51Z,12,8
2019-06-14T22:10:05Z,14,0
2019-06-15T09:42:38Z,4,15
2019-06-16T09:00:00Z,17,9
2019-06-17T15:40:35Z,9,8
2019-06-18T00:00:00Z,24,5
2019-06-18T12:18:00Z,11,2
2019-06-18T15:01:09Z,4,8
2019-06-18T17:33:00Z,21,14
2019-06-19T08:53:01Z,21,120
2019-06-19T09:42:33Z,10,16
2019-06-19T21:59:03Z,83,23
2019-06-20T11:06:05Z,5,1
2019-06-20T11:58:01Z,3,20
2019-06-20T12:11:11Z,56,16
2019-06-20T15:27:32Z,17,3
2019-06-24T04:40:11Z,2,1
2019-06-24T09:00:11Z,39,32
2019-06-25T07:26:00Z,23,9
2019-06-25T12:27:51Z,14,10
2019-06-25T18:14:41Z,12,1
2019-06-26T04:31:23Z,3,2
2019-06-27T02:06:23Z,39,15
2019-06-27T06:54:00Z,8,0
2019-06-27T07:06:47Z,4,7
2019-06-27T14:29:31Z,1,4
2019-06-28T10:21:51Z,5,4
2019-06-28T10:32:12Z,11,1
2019-07-02T03:15:21Z,8,9
2019-07-02T05:00:00Z,41,12
2019-07-03T03:32:30Z,12,1
2019-07-03T21:01:46Z,14,18
2019-07-05T03:00:00Z,41,13
2019-07-05T21:01:40Z,6,5
2019-07-05T22:02:52Z,11,18
2019-07-06T02:00:00Z,68,131
2019-07-06T06:58:29Z,48,26
2019-07-06T10:27:58Z,19,11
2019-07-06T10:37:15Z,13,28
2019-07-06T11:36:37Z,8,8
2019-07-06T11:38:46Z,3,3
2019-07-06T12:52:31Z,1,8
2019-07-06T13:00:00Z,20,30
2019-07-06T13:22:27Z,8,17
2019-07-06T14:18:03Z,8,11
2019-07-06T17:25:18Z,25,49
2019-07-06T19:34:58Z,7,7
2019-07-06T19:48:09Z,6,6
2019-07-06T20:05:48Z,10,12
2019-07-06T21:04:42Z,0,9
2019-07-06T21:13:00Z,75,126
2019-07-06T21:17:06Z,5,9
2019-07-06T21:24:00Z,3,18
2019-07-06T21:24:18Z,13,44
2019-07-06T21:33:46Z,6,15
2019-07-06T21:34:30Z,1,8
2019-07-06T21:34:38Z,3,22
2019-07-06T21:34:45Z,11,22
2019-07-06T21:35:02Z,7,25
2019-07-06T21:35:19Z,8,15
2019-07-06T21:40:09Z,2,13
2019-07-06T22:14:16Z,2,14
2019-07-06T22:17:01Z,6,3
2019-07-06T22:19:48Z,1,10
2019-07-06T22:20:53Z,3,19
2019-07-06T22:59:47Z,8,6
2019-07-06T23:36:51Z,5,9
2019-07-07T00:00:00Z,35,71
2019-07-07T05:34:07Z,3,17
2019-07-07T06:43:00Z,6,1
2019-07-07T06:43:12Z,3,18
2019-07-07T09:05:59Z,0,0
2019-07-07T09:14:48Z,8,8
2019-07-07T10:10:41Z,14,22
2019-07-07T10:11:16Z,7,5
2019-07-07T10:12:01Z,5,8
2019-07-07T12:34:46Z,7,2
2019-07-07T13:08:40Z,3,8
2019-07-07T13:27:56Z,20,24
2019-07-07T13:44:08Z,3,9
2019-07-07T14:45:02Z,12,25
2019-07-07T15:35:32Z,5,4
2019-07-07T15:35:47Z,14,3
2019-07-07T15:38:45Z,11,35
2019-07-07T16:13:40Z,18,22
2019-07-07T17:03:05Z,2,14
2019-07-07T17:39:52Z,9,17
2019-07-07T17:54:22Z,15,16
2019-07-07T18:19:25Z,1,8
2019-07-07T18:28:26Z,18,19
2019-07-07T20:17:21Z,9,32
2019-07-07T22:27:39Z,4,4
2019-07-08T00:00:00Z,18,21
2019-07-08T02:00:00Z,50,63
2019-07-08T04:47:00Z,7,5
2019-07-08T07:51:13Z,10,7
2019-07-08T08:00:13Z,30,39
2019-07-08T08:22:08Z,17,25
2019-07-08T08:38:58Z,7,8
2019-07-08T08:56:01Z,10,12
2019-07-08T13:55:00Z,6,5
2019-07-08T14:43:22Z,4,4
2019-07-08T15:12:31Z,22,21
2019-07-08T16:21:41Z,3,14
2019-07-08T16:54:07Z,5,5
2019-07-08T17:10:47Z,4,5
2019-07-08T17:29:55Z,1,5
2019-07-08T17:30:01Z,1,8
2019-07-08T17:30:25Z,3,8
2019-07-08T17:34:07Z,5,4
2019-07-08T17:36:08Z,8,13
2019-07-08T18:17:02Z,0,5
2019-07-08T18:17:09Z,0,4
2019-07-08T18:17:35Z,0,6
2019-07-08T18:17:39Z,1,6
2019-07-08T18:20:37Z,2,8
2019-07-08T19:00:15Z,7,4
2019-07-08T20:18:43Z,13,2
2019-07-08T22:52:40Z,22,20
2019-07-09T00:00:00Z,24,60
2019-07-09T03:40:41Z,15,15
2019-07-09T06:57:00Z,19,1
2019-07-09T09:00:05Z,29,8
2019-07-09T10:27:35Z,34,30
2019-07-09T11:14:51Z,4,3
2019-07-09T11:17:49Z,21,17
2019-07-09T12:53:00Z,11,8
2019-07-09T13:15:16Z,30,19
2019-07-09T16:37:08Z,29,26
2019-07-09T18:14:40Z,14,7
2019-07-10T00:00:00Z,23,24
2019-07-10T04:00:52Z,12,5
2019-07-10T06:04:35Z,9,4
2019-07-10T08:06:00Z,0,5
2019-07-10T09:41:15Z,40,18
2019-07-10T10:00:00Z,5,5
2019-07-10T10:22:54Z,9,2
2019-07-10T10:59:34Z,0,3
2019-07-10T12:07:35Z,12,5
2019-07-10T13:14:30Z,3,3
2019-07-10T14:17:03Z,14,14
2019-07-10T15:38:49Z,7,1
2019-07-11T00:00:00Z,2,0
2019-07-11T08:35:06Z,24,23
2019-07-12T00:00:00Z,12,10
2019-07-12T03:30:00Z,3,5
2019-07-12T09:05:00Z,1,3
2019-07-12T10:21:27Z,3,3
2019-07-12T10:21:34Z,3,3
2019-07-12T10:25:11Z,4,6
2019-07-12T10:39:16Z,3,7
2019-07-12T10:53:45Z,15,7
2019-07-12T10:55:31Z,4,8
2019-07-12T11:00:41Z,1,0
2019-07-12T11:18:00Z,5,8
2019-07-12T12:05:23Z,1,2
2019-07-12T12:16:37Z,1,2
2019-07-12T12:18:04Z,6,4
2019-07-12T12:18:15Z,3,4
2019-07-12T12:18:50Z,2,4
2019-07-12T12:19:13Z,3,8
2019-07-12T15:14:07Z,3,2
2019-07-12T16:05:01Z,5,0
2019-07-12T18:46:43Z,6,5
2019-07-12T18:52:44Z,6,11
2019-07-12T19:06:12Z,2,4
2019-07-12T20:23:04Z,10,6
2019-07-12T21:42:43Z,21,17
2019-07-13T00:00:00Z,8,5
2019-07-15T17:52:04Z,7,6
2019-07-15T19:30:00Z,15,15
2019-07-15T20:25:01Z,14,4
2019-07-16T12:48:28Z,9,3
2019-07-17T11:14:37Z,19,6
2019-07-18T07:30:23Z,116,99
2019-07-18T11:31:53Z,6,3
2019-07-19T07:33:27Z,9,1
2019-07-19T18:06:07Z,9,2
2019-07-19T18:44:06Z,0,11
2019-07-21T14:47:53Z,2,0
2019-07-22T00:00:00Z,3,6
2019-07-22T00:00:23Z,3,12
2019-07-22T00:01:05Z,5,2
2019-07-22T00:05:06Z,5,10
2019-07-22T06:22:49Z,3,2
2019-07-22T07:22:00Z,13,2
2019-07-22T08:24:28Z,2,6
2019-07-22T08:28:44Z,14,0
2019-07-22T10:39:38Z,6,0
2019-07-22T11:25:34Z,15,1
2019-07-22T15:05:00Z,12,2
2019-07-23T00:00:00Z,2,1
2019-07-23T10:16:00Z,12,7
2019-07-23T15:05:00Z,1,0
2019-07-23T15:05:13Z,11,1
2019-07-23T15:07:51Z,15,1
2019-07-23T15:24:38Z,13,0
2019-07-23T15:47:00Z,3,5
2019-07-23T16:25:48Z,10,2
2019-07-23T16:34:54Z,5,0
2019-07-23T16:46:38Z,4,2
2019-07-23T16:50:19Z,7,9
2019-07-23T19:28:42Z,11,7
2019-07-24T00:23:07Z,12,2
2019-07-24T01:34:23Z,21,2
2019-07-24T07:59:05Z,14,1
2019-07-24T11:36:23Z,15,1
2019-07-24T19:59:22Z,2,1
2019-07-25T00:00:00Z,14,4
2019-07-25T03:23:06Z,54,14
2019-07-25T03:30:00Z,2,1
2019-07-25T10:59:58Z,1,3
2019-07-25T14:30:00Z,11,7
2019-07-25T15:07:00Z,9,7
2019-07-25T15:11:49Z,0,1
2019-07-25T15:23:57Z,7,2
2019-07-25T15:57:00Z,16,8
2019-07-25T16:07:22Z,7,3
2019-07-25T16:07:35Z,31,8
2019-07-25T16:10:06Z,9,9
2019-07-25T16:56:55Z,11,2
2019-07-25T17:00:19Z,0,0
2019-07-25T17:40:14Z,9,4
2019-07-25T18:15:39Z,2,0
2019-07-25T18:35:08Z,10,4
2019-07-26T00:00:00Z,3,1
2019-07-26T00:04:33Z,6,0
2019-07-26T01:09:00Z,20,6
2019-07-26T07:57:28Z,12,0
2019-07-26T08:54:00Z,13,8
2019-07-26T09:40:00Z,8,3
2019-07-26T10:15:39Z,2,1
2019-07-26T12:01:29Z,15,14
2019-07-26T12:10:00Z,11,3
2019-07-26T14:05:39Z,17,11
2019-07-26T14:38:35Z,13,1
2019-07-26T15:04:16Z,4,1
2019-07-26T16:15:57Z,4,0
2019-07-26T16:32:55Z,18,13
2019-07-26T18:39:04Z,17,11
2019-07-26T22:09:21Z,17,13
2019-07-27T12:43:20Z,28,13
2019-07-27T19:00:00Z,18,15
2019-07-28T07:00:30Z,40,18
2019-07-29T05:00:41Z,23,7
2019-07-29T06:54:00Z,5,5
2019-07-29T07:28:00Z,61,38
2019-07-29T10:36:38Z,19,11
2019-07-29T13:03:00Z,11,11
2019-07-29T19:25:00Z,29,8
2019-07-30T02:15:34Z,13,8
2019-07-30T17:55:20Z,6,2
2019-07-30T21:16:56Z,42,19
2019-07-31T15:39:01Z,7,10
2019-07-31T16:00:00Z,7,4
2019-08-01T05:44:26Z,1,2
2019-08-02T15:06:46Z,3,9
2019-08-02T15:32:54Z,8,17
2019-08-02T16:32:48Z,10,22
2019-08-02T17:12:45Z,10,23
2019-08-02T17:18:07Z,11,24
2019-08-02T17:36:38Z,11,24
2019-08-02T18:20:26Z,16,29
2019-08-03T00:15:12Z,16,29
2019-08-03T10:57:39Z,14,8
2019-08-04T00:00:00Z,48,12
2019-08-05T06:10:00Z,13,5
2019-08-05T11:33:58Z,0,3
2019-08-05T16:00:00Z,7,0
2019-08-07T11:39:01Z,10,4
2019-08-07T14:38:00Z,8,2
2019-08-07T17:00:00Z,25,12
2019-08-07T22:26:17Z,41,5
2019-08-08T00:35:45Z,8,3
2019-08-08T01:52:23Z,20,19
2019-08-08T09:00:06Z,25,20
2019-08-08T12:56:43Z,9,1
2019-08-08T13:38:21Z,12,18
2019-08-08T17:15:09Z,25,9
2019-08-09T10:47:56Z,12,3
2019-08-11T06:00:00Z,8,3
2019-08-11T08:05:14Z,38,18
2019-08-12T08:13:24Z,15,8
2019-08-12T12:53:23Z,11,5
2019-08-12T13:10:03Z,20,9
2019-08-12T13:26:43Z,10,5
2019-08-12T20:51:44Z,7,4
2019-08-13T00:00:00Z,19,12
2019-08-13T07:45:45Z,2,2
2019-08-13T10:23:37Z,14,4
2019-08-13T14:20:33Z,2,2
2019-08-13T19:01:24Z,1,3
2019-08-14T05:14:11Z,1,1
2019-08-15T10:26:24Z,22,2
2019-08-15T11:43:33Z,4,4
2019-08-15T14:46:51Z,24,24
2019-08-16T16:04:08Z,10,5
2019-08-19T16:47:00Z,0,6
2019-08-19T17:50:27Z,0,5
2019-08-19T22:29:58Z,2,7
2019-08-19T22:58:13Z,0,8
2019-08-20T00:11:33Z,4,2
2019-08-20T05:43:13Z,2,11
2019-08-20T08:00:00Z,9,6
2019-08-20T08:26:51Z,3,9
2019-08-20T09:26:09Z,1,12
2019-08-20T09:40:34Z,0,3
2019-08-20T09:45:06Z,1,7
2019-08-20T09:52:15Z,1,11
2019-08-20T12:01:29Z,0,7
2019-08-20T12:07:32Z,0,10
2019-08-20T14:32:20Z,17,11
2019-08-20T14:56:26Z,5,2
2019-08-20T16:08:19Z,0,11
2019-08-20T16:59:31Z,0,4
2019-08-20T17:05:18Z,1,8
2019-08-20T18:02:47Z,7,2
2019-08-20T19:07:47Z,10,19
2019-08-20T19:57:47Z,2,12
2019-08-20T23:06:05Z,5,23
2019-08-21T07:59:48Z,4,9
2019-08-21T15:25:27Z,2,3
2019-08-21T17:03:27Z,1,30
2019-08-21T17:52:15Z,9,4
2019-08-21T23:46:50Z,4,6
2019-08-22T02:16:44Z,15,6
2019-08-22T02:26:24Z,24,18
2019-08-23T07:50:58Z,2,12
2019-08-23T19:44:03Z,11,3
2019-08-25T12:00:20Z,25,36
2019-08-26T04:00:00Z,12,17
2019-08-26T04:01:00Z,1,7
2019-08-26T04:50:50Z,6,18
2019-08-26T06:43:12Z,42,34
2019-08-26T08:25:09Z,7,17
2019-08-26T08:35:27Z,9,21
2019-08-26T11:38:47Z,12,23
2019-08-26T11:51:38Z,5,8
2019-08-26T11:55:27Z,29,55
2019-08-26T12:12:07Z,70,134
2019-08-26T13:20:39Z,9,14
2019-08-26T16:29:19Z,2,6
2019-08-26T18:37:00Z,21,18
2019-08-27T01:24:56Z,50,38
2019-08-27T05:01:00Z,31,13
2019-08-27T06:00:00Z,32,11
2019-08-27T06:00:49Z,89,27
2019-08-27T06:02:01Z,33,9
2019-08-27T06:05:05Z,35,14
2019-08-27T06:30:02Z,24,41
2019-08-27T07:48:08Z,9,16
2019-08-27T09:12:47Z,32,13
2019-08-27T11:25:28Z,33,16
2019-08-27T13:08:00Z,28,2
2019-08-27T22:31:07Z,6,11
2019-08-28T11:28:06Z,12,15
2019-08-28T12:11:08Z,13,1
2019-08-28T19:41:58Z,8,15
2019-08-28T23:22:20Z,53,35
2019-08-30T11:37:14Z,37,13
2019-08-30T13:36:45Z,4,7
2019-08-30T16:04:18Z,3,0
2019-08-30T16:39:06Z,9,16
2019-08-30T16:53:21Z,6,28
2019-08-30T18:39:07Z,11,2
2019-08-30T19:57:49Z,6,28
2019-08-31T07:59:00Z,8,28
2019-08-31T10:07:02Z,4,33
2019-08-31T12:00:06Z,26,28
2019-09-01T04:03:30Z,3,15
2019-09-01T16:10:35Z,4,19
2019-09-01T20:34:13Z,34,16
2019-09-01T23:26:01Z,0,2
2019-09-02T18:23:13Z,17,11
2019-09-03T04:00:20Z,62,38
2019-09-03T12:36:06Z,0,14
2019-09-03T15:01:53Z,0,1
2019-09-03T17:46:43Z,2,5
2019-09-04T05:44:45Z,3,12
2019-09-04T07:34:00Z,6,5
2019-09-04T07:54:58Z,0,2
2019-09-04T07:57:43Z,10,13
2019-09-04T08:08:07Z,0,3
2019-09-04T08:08:24Z,0,4
2019-09-04T08:10:23Z,1,5
2019-09-04T08:20:51Z,2,5
2019-09-04T09:00:34Z,0,2
2019-09-04T09:36:25Z,2,4
2019-09-04T09:39:11Z,2,5
2019-09-04T09:41:03Z,3,6
2019-09-04T09:55:44Z,7,4
2019-09-04T10:20:13Z,15,10
2019-09-04T11:27:41Z,32,35
2019-09-04T11:29:00Z,9,5
2019-09-04T11:44:38Z,2,4
2019-09-04T12:55:16Z,7,9
2019-09-04T13:59:24Z,10,0
2019-09-04T19:56:18Z,18,28
2019-09-04T22:28:25Z,14,3
2019-09-05T07:39:11Z,50,14
2019-09-05T09:26:01Z,5,7
2019-09-05T09:56:00Z,17,7
2019-09-05T11:01:00Z,15,5
2019-09-05T13:00:00Z,15,4
2019-09-05T13:31:23Z,7,0
2019-09-05T14:12:58Z,17,2
2019-09-05T22:35:10Z,40,28
2019-09-05T23:00:08Z,6,1
2019-09-06T03:05:13Z,10,5
2019-09-06T03:30:00Z,7,6
2019-09-06T05:19:32Z,19,12
2019-09-06T05:20:00Z,49,30
2019-09-06T05:24:42Z,13,11
2019-09-06T05:32:00Z,16,7
2019-09-06T05:45:59Z,6,7
2019-09-06T05:46:26Z,6,7
2019-09-06T05:49:03Z,2,1
2019-09-06T05:53:25Z,7,2
2019-09-06T05:54:00Z,9,3
2019-09-06T05:54:30Z,6,5
2019-09-06T05:54:37Z,18,15
2019-09-06T05:55:21Z,40,31
2019-09-06T05:57:36Z,16,12
2019-09-06T06:00:05Z,8,10
2019-09-06T06:00:13Z,35,44
2019-09-06T06:00:17Z,0,0
2019-09-06T06:00:46Z,7,5
2019-09-06T06:01:57Z,6,5
2019-09-06T06:06:55Z,17,9
2019-09-06T06:11:02Z,16,9
2019-09-06T06:12:32Z,10,6
2019-09-06T06:37:00Z,12,5
2019-09-06T06:58:04Z,6,5
2019-09-06T06:59:57Z,6,6
2019-09-06T07:08:06Z,6,6
2019-09-06T07:24:11Z,17,9
2019-09-06T07:45:07Z,18,11
2019-09-06T08:12:35Z,11,2
2019-09-06T08:14:32Z,29,29
2019-09-06T08:26:20Z,34,26
2019-09-06T08:36:32Z,45,51
2019-09-06T08:48:08Z,9,5
2019-09-06T08:50:46Z,6,6
2019-09-06T08:56:46Z,3,0
2019-09-06T09:05:24Z,8,5
2019-09-06T10:07:58Z,91,82
2019-09-06T10:13:36Z,26,18
2019-09-06T12:25:52Z,11,0
2019-09-06T12:41:53Z,27,20
2019-09-06T13:06:33Z,32,24
2019-09-06T13:15:47Z,13,8
2019-09-06T13:41:35Z,6,7
2019-09-06T16:23:52Z,7,20
2019-09-06T16:42:44Z,5,35
2019-09-06T16:54:14Z,7,20
2019-09-06T17:30:00Z,13,7
2019-09-06T17:50:12Z,6,6
2019-09-06T21:05:35Z,8,8
2019-09-07T23:01:00Z,22,11
2019-09-08T04:00:40Z,11,8
2019-09-08T07:00:45Z,20,1
2019-09-08T12:53:11Z,11,22
2019-09-08T14:34:46Z,4,26
2019-09-08T15:51:32Z,22,34
2019-09-09T00:52:44Z,60,37
2019-09-09T03:08:38Z,7,4
2019-09-09T04:00:45Z,14,3
2019-09-09T11:11:25Z,9,1
2019-09-09T11:29:09Z,10,0
2019-09-09T12:10:55Z,16,8
2019-09-09T15:50:03Z,10,10
2019-09-10T00:02:30Z,6,4
2019-09-10T01:33:39Z,2,2
2019-09-10T03:30:00Z,2,10
2019-09-10T10:54:00Z,10,15
2019-09-10T12:18:08Z,0,3
2019-09-10T12:19:01Z,2,7
2019-09-10T13:00:26Z,2,9
2019-09-10T13:17:00Z,3,4
2019-09-10T14:24:12Z,6,15
2019-09-10T15:10:18Z,9,2
2019-09-11T01:49:25Z,4,11
2019-09-11T07:42:06Z,0,0
2019-09-11T09:49:29Z,8,2
2019-09-11T11:30:49Z,18,16
2019-09-11T13:14:53Z,4,4
2019-09-11T13:27:05Z,7,2
2019-09-11T13:28:10Z,6,1
2019-09-11T16:44:01Z,11,17
2019-09-11T18:15:02Z,8,16
2019-09-11T22:48:48Z,27,4
2019-09-12T08:44:13Z,0,8
2019-09-12T09:31:00Z,4,1
2019-09-12T09:46:00Z,4,2
2019-09-12T10:44:16Z,1,12
2019-09-12T11:00:58Z,21,11
2019-09-12T11:28:27Z,16,1
2019-09-12T12:14:21Z,5,1
2019-09-12T12:42:44Z,1,7
2019-09-12T14:13:02Z,6,2
2019-09-12T16:28:39Z,1,4
2019-09-12T18:58:08Z,1,13
2019-09-13T03:30:00Z,4,1
2019-09-13T08:18:14Z,0,9
2019-09-13T17:10:50Z,2,5
2019-09-16T09:50:00Z,7,8
2019-09-16T19:02:33Z,2,6
2019-09-17T06:30:00Z,4,0
2019-09-17T09:39:46Z,25,30
2019-09-18T11:44:00Z,10,4
2019-09-18T17:00:00Z,8,6
2019-09-18T20:00:00Z,9,1
2019-09-19T05:30:06Z,25,11
2019-09-19T07:20:50Z,7,8
2019-09-19T09:15:38Z,26,1
2019-09-19T14:55:23Z,2,0
2019-09-20T00:00:00Z,15,2
2019-09-20T09:28:17Z,1,0
2019-09-20T13:29:08Z,1,9
2019-09-21T12:00:07Z,28,27
2019-09-24T00:27:36Z,10,8
2019-09-24T02:23:00Z,7,6
2019-09-24T02:44:38Z,0,0
2019-09-24T03:05:39Z,8,9
2019-09-24T03:08:00Z,5,7
2019-09-24T03:09:18Z,0,2
2019-09-24T03:19:52Z,6,2
2019-09-24T03:23:42Z,9,4
2019-09-24T03:23:52Z,10,2
2019-09-24T03:23:56Z,6,2
2019-09-24T03:24:10Z,28,15
2019-09-24T03:29:00Z,8,18
2019-09-24T03:30:00Z,9,3
2019-09-24T03:34:06Z,3,1
2019-09-24T03:43:21Z,3,1
2019-09-24T03:46:10Z,6,2
2019-09-24T03:46:32Z,36,21
2019-09-24T03:46:38Z,7,3
2019-09-24T03:54:41Z,15,10
2019-09-24T03:54:42Z,1,3
2019-09-24T04:00:59Z,1,1
2019-09-24T04:24:57Z,7,2
2019-09-24T04:25:26Z,8,3
2019-09-24T04:25:46Z,30,15
2019-09-24T04:36:40Z,10,3
2019-09-24T04:40:30Z,10,14
2019-09-24T05:17:00Z,34,4
2019-09-24T05:17:03Z,17,12
2019-09-24T05:17:12Z,19,12
2019-09-24T05:29:33Z,3,1
2019-09-24T05:32:40Z,3,1
2019-09-24T05:48:21Z,3,1
2019-09-24T06:43:00Z,16,5
2019-09-24T07:45:45Z,9,6
2019-09-24T08:09:13Z,49,42
2019-09-24T08:10:13Z,16,15
2019-09-24T08:24:33Z,21,21
2019-09-24T09:46:06Z,34,17
2019-09-24T11:56:12Z,16,14
2019-09-24T14:46:58Z,15,7
2019-09-25T00:15:43Z,25,1
2019-09-25T14:06:27Z,6,2
2019-09-25T18:50:07Z,92,29
2019-09-25T19:55:23Z,15,10
2019-09-25T21:57:19Z,23,21
2019-09-26T15:57:29Z,6,1
2019-09-26T21:56:25Z,9,15
2019-09-27T06:43:00Z,5,2
2019-09-27T14:03:29Z,1,0
2019-09-29T17:00:00Z,3,2
2019-09-30T00:23:40Z,12,19
2019-09-30T00:41:08Z,0,1
2019-09-30T00:50:38Z,13,20
2019-09-30T01:49:37Z,15,25
2019-09-30T03:41:56Z,12,20
2019-09-30T10:17:31Z,0,0
2019-09-30T12:11:19Z,33,9
2019-10-02T05:02:34Z,35,14
2019-10-02T11:14:15Z,14,2
2019-10-03T04:03:00Z,20,12
2019-10-03T07:22:02Z,22,18
2019-10-03T10:40:08Z,9,6
2019-10-03T13:13:37Z,21,20
2019-10-03T13:48:04Z,65,53
2019-10-04T08:40:29Z,2,14
2019-10-04T08:51:41Z,1,8
2019-10-04T10:23:13Z,1,13
2019-10-04T11:01:29Z,4,2
2019-10-04T13:43:37Z,20,14
2019-10-04T18:51:25Z,0,9
2019-10-04T19:27:08Z,5,10
2019-10-05T04:37:32Z,4,11
2019-10-05T08:00:00Z,17,12
2019-10-07T05:45:39Z,11,4
2019-10-07T07:45:39Z,7,1
2019-10-07T08:24:12Z,6,12
2019-10-07T11:05:39Z,9,2
2019-10-07T11:22:19Z,9,3
2019-10-07T12:18:27Z,8,1
2019-10-07T12:49:31Z,4,6
2019-10-07T14:23:16Z,17,3
2019-10-08T09:58:19Z,35,37
2019-10-08T16:04:15Z,9,2
2019-10-08T17:52:20Z,10,2
2019-10-09T02:00:00Z,1,2
2019-10-09T03:30:00Z,10,5
2019-10-09T14:43:00Z,3,6
2019-10-09T15:15:47Z,4,5
2019-10-09T17:46:09Z,4,2
2019-10-10T01:24:39Z,9,0
2019-10-10T10:29:07Z,12,2
2019-10-10T13:39:55Z,0,5
2019-10-10T16:59:00Z,0,2
2019-10-10T19:10:03Z,7,5
2019-10-10T19:47:30Z,15,16
2019-10-10T23:11:54Z,20,34
2019-10-11T06:00:56Z,23,11
2019-10-11T07:09:43Z,20,2
2019-10-11T08:50:17Z,4,5
2019-10-11T12:54:14Z,35,47
2019-10-11T14:10:14Z,3,0
2019-10-14T12:02:46Z,37,21
2019-10-15T09:05:32Z,23,42
2019-10-16T10:43:38Z,18,24
2019-10-16T17:48:34Z,6,0
2019-10-16T18:47:14Z,4,14
2019-10-19T00:00:00Z,16,16
2019-10-19T08:46:57Z,23,5
2019-10-20T12:05:50Z,11,6
2019-10-21T07:34:42Z,9,3
2019-10-22T09:27:51Z,25,30
2019-10-22T10:47:30Z,22,8
2019-10-22T11:56:45Z,6,3
2019-10-22T20:00:00Z,71,3
2019-10-23T03:27:46Z,10,27
2019-10-23T05:00:05Z,5,1
2019-10-23T09:52:08Z,6,14
2019-10-23T11:55:27Z,4,2
2019-10-23T12:12:56Z,11,2
2019-10-23T18:20:52Z,8,28
2019-10-23T19:19:08Z,4,12
2019-10-23T22:49:19Z,4,4
2019-10-24T02:43:58Z,35,14
2019-10-24T07:59:26Z,2,3
2019-10-24T12:26:00Z,3,7
2019-10-24T19:54:00Z,15,1
2019-10-25T14:01:30Z,18,28
2019-10-25T16:25:50Z,14,31
2019-10-25T18:38:49Z,23,14
2019-10-26T18:40:20Z,14,7
2019-10-28T13:14:08Z,5,1
2019-10-28T13:19:10Z,5,3
2019-10-29T06:00:01Z,6,2
2019-10-29T12:43:44Z,22,8
2019-10-30T14:33:00Z,13,7
2019-10-30T14:56:00Z,6,6
2019-10-30T15:12:28Z,2,0
2019-10-30T15:29:39Z,4,0
2019-10-30T15:56:23Z,13,8
2019-10-30T15:58:46Z,5,2
2019-10-30T16:00:36Z,9,5
2019-10-30T16:08:26Z,7,1
2019-10-30T16:10:06Z,7,1
2019-10-30T19:02:00Z,10,8
2019-10-30T19:05:23Z,8,5
2019-10-30T19:22:43Z,12,3
2019-10-30T22:46:39Z,6,19
2019-10-31T08:04:39Z,3,0
2019-10-31T08:40:15Z,13,0
2019-10-31T09:45:04Z,2,2
2019-10-31T10:31:08Z,5,6
2019-10-31T11:46:13Z,6,12
2019-10-31T11:59:55Z,8,31
2019-10-31T12:16:44Z,3,1
2019-10-31T12:25:31Z,12,15
2019-10-31T14:34:30Z,1,7
2019-10-31T14:34:43Z,9,23
2019-10-31T14:35:03Z,5,7
2019-10-31T14:35:10Z,1,7
2019-10-31T14:35:58Z,0,2
2019-10-31T14:40:08Z,4,13
2019-10-31T20:26:48Z,11,23
2019-11-01T01:21:53Z,2,0
2019-11-01T02:11:54Z,5,7
2019-11-01T02:51:00Z,5,7
2019-11-01T04:00:00Z,6,5
2019-11-01T06:08:03Z,2,8
2019-11-01T06:36:13Z,5,7
2019-11-01T07:11:24Z,5,22
2019-11-01T07:40:25Z,7,17
2019-11-01T07:55:00Z,5,1
2019-11-01T08:00:03Z,11,5
2019-11-01T08:46:08Z,10,6
2019-11-01T08:59:32Z,12,5
2019-11-01T09:55:00Z,5,4
2019-11-01T10:46:38Z,4,9
2019-11-01T13:41:23Z,22,49
2019-11-01T18:23:30Z,6,18
2019-11-01T20:44:08Z,6,20
2019-11-02T16:10:00Z,10,14
2019-11-04T02:30:00Z,13,2
2019-11-04T08:00:26Z,17,10
2019-11-04T10:46:22Z,11,7
2019-11-04T12:39:07Z,14,3
2019-11-04T12:43:28Z,8,1
2019-11-05T00:34:06Z,18,1
2019-11-06T04:00:00Z,8,10
2019-11-06T04:00:01Z,21,4
2019-11-06T04:23:50Z,7,6
2019-11-06T05:45:36Z,8,4
2019-11-06T06:16:00Z,10,4
2019-11-06T07:25:52Z,9,1
2019-11-06T07:42:50Z,2,0
2019-11-06T08:10:08Z,15,7
2019-11-06T08:30:01Z,19,5
2019-11-06T09:22:52Z,12,3
2019-11-06T09:40:07Z,16,1
2019-11-06T10:16:26Z,5,4
2019-11-06T10:17:07Z,8,2
2019-11-06T10:32:36Z,8,3
2019-11-06T11:35:34Z,13,11
2019-11-06T12:05:24Z,7,5
2019-11-06T12:40:54Z,5,0
2019-11-06T12:46:03Z,8,8
2019-11-06T13:51:14Z,15,1
2019-11-06T14:20:14Z,14,3
2019-11-06T14:42:46Z,27,2
2019-11-06T14:54:19Z,19,3
2019-11-06T16:08:31Z,7,0
2019-11-06T16:45:58Z,11,4
2019-11-06T17:03:14Z,21,17
2019-11-06T18:09:37Z,23,10
2019-11-06T22:21:15Z,13,3
2019-11-06T23:01:01Z,7,4
2019-11-07T06:35:43Z,8,1
2019-11-07T06:49:14Z,20,4
2019-11-07T08:43:49Z,29,13
2019-11-07T09:08:39Z,2,0
2019-11-07T10:52:45Z,19,3
2019-11-07T11:17:23Z,28,2
2019-11-07T13:03:57Z,46,18
2019-11-07T15:08:01Z,7,0
2019-11-07T17:24:02Z,23,1
2019-11-07T23:01:01Z,7,3
2019-11-08T04:53:06Z,8,2
2019-11-08T09:33:43Z,17,10
2019-11-08T10:26:03Z,71,13
2019-11-08T15:37:06Z,35,5
2019-11-08T17:47:00Z,19,6
2019-11-08T20:03:41Z,65,11
2019-11-09T11:35:59Z,11,4
2019-11-10T02:51:28Z,73,12
2019-11-10T06:00:10Z,94,15
2019-11-10T21:15:09Z,17,2
2019-11-11T09:13:53Z,36,5
2019-11-11T16:30:00Z,12,9
2019-11-12T08:00:14Z,33,37
2019-11-12T09:47:12Z,13,3
2019-11-12T09:47:54Z,7,0
2019-11-12T10:36:28Z,6,2
2019-11-12T11:05:19Z,4,0
2019-11-12T18:00:00Z,23,7
2019-11-12T18:00:30Z,36,12
2019-11-12T18:00:47Z,0,0
2019-11-12T18:52:26Z,18,12
2019-11-12T20:35:59Z,16,9
2019-11-12T23:36:36Z,7,1
2019-11-13T07:05:39Z,13,8
2019-11-13T07:39:45Z,3,2
2019-11-13T08:04:52Z,8,1
2019-11-13T15:29:47Z,3,0
2019-11-13T17:53:50Z,10,0
2019-11-13T22:01:47Z,5,1
2019-11-14T05:33:49Z,5,1
2019-11-14T06:15:09Z,2,1
2019-11-14T06:20:29Z,6,3
2019-11-14T11:36:06Z,5,0
2019-11-14T14:11:31Z,11,9
2019-11-14T14:58:00Z,11,9
2019-11-14T15:55:14Z,22,2
2019-11-15T02:00:00Z,1,0
2019-11-15T04:02:16Z,11,6
2019-11-15T05:47:59Z,6,1
2019-11-15T06:10:08Z,10,3
2019-11-15T06:18:44Z,10,1
2019-11-15T06:36:47Z,11,6
2019-11-15T06:37:55Z,9,0
2019-11-15T07:34:09Z,10,1
2019-11-15T11:34:29Z,14,3
2019-11-15T16:12:43Z,14,10
2019-11-15T22:25:39Z,46,38
2019-11-15T23:11:01Z,2,9
2019-11-16T00:00:00Z,1,4
2019-11-16T05:02:00Z,40,18
2019-11-16T09:34:21Z,0,5
2019-11-16T11:12:05Z,6,8
2019-11-16T16:57:00Z,31,17
2019-11-16T17:07:26Z,18,20
2019-11-16T20:00:30Z,27,17
2019-11-17T04:31:07Z,4,2
2019-11-17T10:14:41Z,21,20
2019-11-17T11:13:25Z,10,13
2019-11-18T12:51:50Z,10,3
2019-11-20T14:37:14Z,8,0
2019-11-20T23:05:29Z,17,2
2019-11-21T08:29:03Z,6,0
2019-11-21T11:36:55Z,3,1
2019-11-22T06:24:35Z,11,16
2019-11-22T10:58:00Z,11,9
2019-11-23T23:30:00Z,12,7
2019-11-24T03:30:00Z,23,36
2019-11-25T17:43:58Z,6,9
2019-11-25T22:07:03Z,8,3
2019-11-26T15:04:53Z,4,7
2019-11-26T15:08:50Z,6,7
2019-11-26T16:03:07Z,5,8
2019-11-26T16:52:01Z,6,7
2019-11-27T07:06:15Z,6,7
2019-11-28T00:55:08Z,17,3
2019-11-28T09:00:00Z,8,7
2019-11-28T12:20:00Z,13,11
2019-11-28T12:57:26Z,32,23
2019-11-28T22:40:37Z,7,10
2019-11-29T00:15:31Z,0,0
2019-11-29T04:07:44Z,7,15
2019-11-29T05:23:52Z,22,1
2019-11-29T07:11:40Z,7,15
2019-11-29T08:05:45Z,0,1
2019-11-29T08:34:36Z,13,17
2019-11-29T09:17:12Z,15,17
2019-11-29T10:26:03Z,9,18
2019-11-29T10:37:34Z,6,9
2019-11-29T11:41:25Z,9,12
2019-11-29T15:36:31Z,0,9
2019-11-29T15:37:05Z,0,5
2019-11-29T15:37:39Z,0,4
2019-11-29T15:40:24Z,1,9
2019-11-29T15:49:04Z,4,5
2019-11-29T16:06:22Z,4,3
2019-11-29T16:06:38Z,4,8
2019-11-29T19:09:02Z,0,5
2019-11-29T20:54:24Z,5,8
2019-11-29T23:03:22Z,7,8
2019-11-30T00:09:12Z,5,10
2019-11-30T03:32:25Z,10,17
2019-11-30T06:46:30Z,7,13
2019-11-30T11:08:40Z,4,10
2019-11-30T14:58:11Z,7,7
2019-11-30T15:01:54Z,8,5
2019-11-30T17:26:08Z,9,15
2019-11-30T20:39:00Z,11,13
2019-12-01T12:17:22Z,27,26
2019-12-01T13:06:00Z,11,17
2019-12-01T15:29:08Z,5,9
2019-12-01T16:39:08Z,10,17
2019-12-01T17:45:48Z,46,44
2019-12-01T18:12:27Z,44,4
2019-12-02T05:00:13Z,9,3
2019-12-02T09:46:12Z,6,10
2019-12-02T14:00:56Z,8,8
2019-12-02T16:29:03Z,27,27
2019-12-03T04:00:00Z,10,30
2019-12-03T04:00:26Z,29,9
2019-12-03T04:07:31Z,14,24
2019-12-03T05:49:40Z,28,9
2019-12-03T06:41:49Z,14,22
2019-12-03T07:10:56Z,9,6
2019-12-03T07:50:54Z,22,7
2019-12-03T09:22:24Z,31,42
2019-12-03T11:15:07Z,20,29
2019-12-03T11:58:59Z,9,13
2019-12-03T12:50:23Z,4,8
2019-12-03T14:08:22Z,5,8
2019-12-03T16:46:01Z,9,11
2019-12-03T18:58:54Z,9,4
2019-12-04T12:24:21Z,4,1
2019-12-05T04:45:13Z,2,2
2019-12-05T05:32:25Z,7,2
2019-12-05T10:06:55Z,7,11
2019-12-05T10:12:44Z,2,2
2019-12-06T00:04:42Z,7,0
2019-12-06T11:34:11Z,1,2
2019-12-08T22:13:52Z,10,0
2019-12-09T06:00:58Z,13,12
2019-12-09T18:39:32Z,2,5
2019-12-09T21:19:22Z,1,5
2019-12-09T22:53:00Z,1,4
2019-12-10T03:07:42Z,6,2
2019-12-10T17:14:45Z,0,3
2019-12-11T03:00:59Z,8,22
2019-12-11T13:57:38Z,21,6
2019-12-11T18:36:30Z,14,17
2019-12-12T00:30:01Z,7,0
2019-12-12T02:33:06Z,1,4
2019-12-12T10:41:37Z,0,0
2019-12-12T12:10:23Z,11,7
2019-12-12T18:54:29Z,30,31
2019-12-14T00:08:07Z,5,14
2019-12-14T01:11:49Z,4,8
2019-12-14T09:57:07Z,6,9
2019-12-14T11:05:27Z,6,8
2019-12-14T11:46:16Z,11,10
2019-12-14T11:56:44Z,22,21
2019-12-14T13:27:07Z,3,8
2019-12-14T13:35:54Z,0,10
2019-12-14T14:35:13Z,9,13
2019-12-14T15:04:47Z,2,7
2019-12-14T15:35:35Z,2,14
2019-12-14T19:31:53Z,6,31
2019-12-14T19:56:51Z,1,10
2019-12-14T23:08:48Z,8,32
2019-12-15T01:18:00Z,2,3
2019-12-15T03:33:53Z,11,30
2019-12-15T08:08:48Z,3,18
2019-12-15T12:10:41Z,3,7
2019-12-15T13:29:57Z,8,14
2019-12-15T18:01:40Z,6,12
2019-12-16T01:43:37Z,5,2
2019-12-16T09:37:14Z,43,18
2019-12-16T10:00:00Z,8,7
2019-12-16T12:19:37Z,3,10
2019-12-16T12:20:11Z,6,9
2019-12-16T14:52:43Z,3,10
2019-12-16T17:12:23Z,20,12
2019-12-16T18:38:20Z,7,7
2019-12-18T00:21:02Z,7,0
2019-12-19T11:53:00Z,4,13
2019-12-19T11:53:42Z,18,45
2019-12-19T11:54:02Z,3,8
2019-12-19T11:54:19Z,9,9
2019-12-19T11:55:34Z,5,15
2019-12-19T12:41:03Z,5,10
2019-12-19T12:41:32Z,5,8
2019-12-19T13:00:12Z,5,10
2019-12-19T13:36:39Z,6,12
2019-12-19T14:36:02Z,5,11
2019-12-19T16:26:58Z,9,9
2019-12-19T20:24:45Z,2,11
2019-12-20T13:02:22Z,2,10
2019-12-20T16:16:41Z,10,11
2019-12-21T03:57:37Z,42,48
2019-12-22T20:06:07Z,2,3
2019-12-23T09:16:01Z,11,3
2019-12-23T11:58:07Z,7,0
2019-12-23T12:45:28Z,33,16
2019-12-23T17:48:43Z,0,2
2019-12-23T19:01:41Z,1,5
2019-12-23T19:01:49Z,0,4
2019-12-23T20:28:00Z,13,0
2019-12-24T00:24:40Z,7,0
2019-12-24T02:03:49Z,6,3
2019-12-24T03:36:40Z,5,2
2019-12-25T08:20:00Z,9,4
2019-12-25T09:40:18Z,4,0
2019-12-26T06:38:10Z,2,2
2019-12-26T06:56:35Z,2,2
2019-12-26T07:00:43Z,24,3
2019-12-26T08:38:10Z,3,2
2019-12-26T09:00:24Z,3,1
2019-12-26T10:01:37Z,3,2
2019-12-26T13:19:01Z,3,0
2019-12-26T13:25:22Z,3,0
2019-12-26T13:50:41Z,4,0
2019-12-26T14:29:29Z,3,0
2019-12-26T15:00:00Z,35,15
2019-12-26T18:44:09Z,2,0
2019-12-26T20:52:43Z,30,10
2019-12-27T06:09:21Z,5,0
2019-12-27T06:56:23Z,36,15
2019-12-27T07:24:06Z,5,0
2019-12-27T07:34:25Z,3,1
2019-12-27T07:49:22Z,6,4
2019-12-27T08:02:06Z,10,2
2019-12-27T08:08:43Z,9,3
2019-12-27T08:13:05Z,9,3
2019-12-27T08:17:34Z,11,2
2019-12-27T11:19:04Z,10,3
2019-12-27T12:03:45Z,1,3
2019-12-27T12:15:13Z,2,3
2019-12-27T13:04:55Z,48,18
2019-12-27T22:00:44Z,30,9
2019-12-28T08:41:46Z,13,19
2019-12-28T09:50:02Z,0,11
2019-12-28T16:31:52Z,6,26
2019-12-29T02:27:57Z,40,9
2019-12-29T10:00:05Z,10,16
2019-12-29T15:53:28Z,14,13
2019-12-29T22:57:55Z,33,7
2019-12-30T00:17:35Z,7,0
2019-12-30T06:28:35Z,9,1
2019-12-30T06:53:50Z,13,3
2019-12-30T07:05:33Z,7,1
2019-12-30T09:46:02Z,42,20
2019-12-30T12:33:07Z,9,0
2019-12-31T01:24:06Z,31,10
2019-12-31T06:42:45Z,8,1
2019-12-31T15:40:05Z,2,11
2019-12-31T15:45:03Z,0,10
2019-12-31T19:05:39Z,0,10
2019-12-31T20:01:12Z,2,16
2019-12-31T21:20:23Z,1,9
2019-12-31T23:01:01Z,5,0
2019-12-31T23:13:59Z,2,9
2020-01-01T00:54:59Z,6,11
2020-01-01T08:51:14Z,0,7
2020-01-01T09:09:07Z,2,21
2020-01-01T09:38:40Z,0,0
2020-01-01T12:16:04Z,0,17
2020-01-01T12:34:22Z,0,6
2020-01-01T13:14:37Z,1,11
2020-01-01T13:14:46Z,0,10
2020-01-01T15:14:00Z,4,13
2020-01-01T15:16:21Z,2,17
2020-01-01T15:51:06Z,1,10
2020-01-01T15:58:18Z,2,18
2020-01-01T16:04:36Z,5,8
2020-01-01T16:19:22Z,0,11
2020-01-01T16:35:37Z,10,12
2020-01-01T18:29:06Z,3,15
2020-01-01T19:32:24Z,2,14
2020-01-01T21:19:42Z,4,14
2020-01-01T21:48:18Z,1,9
2020-01-02T00:44:50Z,13,22
2020-01-02T02:03:01Z,2,12
2020-01-02T10:29:21Z,3,5
2020-01-02T11:43:41Z,3,16
2020-01-02T12:31:51Z,5,16
2020-01-02T16:00:42Z,4,17
2020-01-02T18:35:50Z,11,12
2020-01-02T19:10:04Z,35,27
2020-01-03T10:20:06Z,19,27
2020-01-03T15:30:15Z,4,18
2020-01-03T15:43:18Z,8,12
2020-01-03T15:44:53Z,5,11
2020-01-03T17:57:15Z,1,12
2020-01-03T21:05:17Z,5,15
2020-01-03T21:31:20Z,0,4
2020-01-04T00:20:50Z,14,48
2020-01-04T11:07:12Z,1,6
2020-01-05T00:08:31Z,7,0
2020-01-05T11:17:33Z,5,6
2020-01-05T13:15:51Z,10,8
2020-01-05T14:29:12Z,12,17
2020-01-06T06:22:37Z,5,6
2020-01-06T12:19:54Z,3,8
2020-01-07T04:00:28Z,9,4
2020-01-07T04:01:01Z,9,3
2020-01-07T05:02:43Z,5,5
2020-01-07T07:23:21Z,3,3
2020-01-07T07:59:19Z,5,4
2020-01-07T09:30:28Z,6,12
2020-01-07T11:12:31Z,5,0
2020-01-07T15:00:46Z,12,14
2020-01-07T15:10:43Z,2,3
2020-01-08T10:55:36Z,5,0
2020-01-08T13:07:30Z,4,0
2020-01-08T16:49:50Z,1,1
2020-01-11T00:22:30Z,7,0
2020-01-12T15:21:29Z,3,8
2020-01-13T00:02:50Z,3,1
2020-01-13T03:51:58Z,9,1
2020-01-13T13:57:41Z,2,1
2020-01-13T15:48:36Z,29,1
2020-01-14T03:14:41Z,5,3
2020-01-14T10:44:52Z,14,25
2020-01-14T14:25:10Z,4,0
2020-01-14T19:40:51Z,4,3
2020-01-15T15:17:02Z,21,8
2020-01-15T16:17:02Z,39,14
2020-01-16T08:00:00Z,34,18
2020-01-16T08:00:09Z,11,2
2020-01-16T08:01:19Z,17,3
2020-01-16T08:09:55Z,16,7
2020-01-16T08:14:31Z,23,4
2020-01-16T08:20:00Z,12,6
2020-01-16T08:20:36Z,22,4
2020-01-16T08:30:09Z,13,8
2020-01-16T09:00:51Z,0,0
2020-01-16T10:37:46Z,12,2
2020-01-16T10:52:51Z,14,7
2020-01-16T11:47:45Z,11,2
2020-01-16T11:54:13Z,16,8
2020-01-16T12:30:11Z,12,12
2020-01-16T13:31:45Z,21,13
2020-01-16T13:32:00Z,18,12
2020-01-16T13:40:05Z,18,16
2020-01-16T13:40:55Z,20,16
2020-01-16T14:23:07Z,20,13
2020-01-16T15:11:00Z,20,15
2020-01-16T15:27:56Z,20,16
2020-01-16T15:30:41Z,19,16
2020-01-16T15:41:27Z,29,19
2020-01-16T15:42:31Z,21,19
2020-01-16T15:51:51Z,19,15
2020-01-16T16:14:27Z,2,1
2020-01-16T16:15:00Z,21,18
2020-01-16T16:32:08Z,22,15
2020-01-16T16:35:14Z,32,16
2020-01-16T17:05:12Z,24,19
2020-01-16T17:07:37Z,18,18
2020-01-16T17:22:00Z,26,18
2020-01-16T17:35:52Z,0,10
2020-01-16T17:49:15Z,0,5
2020-01-16T18:02:51Z,0,11
2020-01-16T18:14:11Z,1,4
2020-01-16T18:19:26Z,2,25
2020-01-16T18:23:00Z,18,27
2020-01-16T18:38:01Z,1,4
2020-01-16T18:40:16Z,9,2
2020-01-16T18:42:15Z,9,25
2020-01-16T18:48:14Z,2,11
2020-01-16T18:48:29Z,4,4
2020-01-16T18:48:40Z,0,4
2020-01-16T18:49:06Z,4,4
2020-01-16T18:49:15Z,8,12
2020-01-16T18:50:04Z,2,5
2020-01-16T19:31:35Z,14,24
2020-01-16T19:37:16Z,1,4
2020-01-16T19:38:01Z,13,17
2020-01-16T19:40:09Z,4,7
2020-01-16T19:40:13Z,0,8
2020-01-16T19:46:05Z,0,2
2020-01-16T20:01:21Z,20,16
2020-01-16T20:01:51Z,3,9
2020-01-16T21:00:06Z,15,32
2020-01-16T21:01:36Z,1,4
2020-01-16T21:02:21Z,5,5
2020-01-16T21:17:06Z,9,4
2020-01-16T22:16:51Z,9,16
2020-01-16T23:45:49Z,0,2
2020-01-16T23:48:34Z,19,16
2020-01-16T23:50:00Z,0,7
2020-01-16T23:51:54Z,5,4
2020-01-17T00:24:02Z,7,0
2020-01-17T05:06:13Z,1,5
2020-01-17T06:05:11Z,4,10
2020-01-17T06:15:41Z,22,14
2020-01-17T06:59:00Z,0,7
2020-01-17T07:12:58Z,33,16
2020-01-17T10:41:38Z,15,24
2020-01-17T10:41:52Z,7,7
2020-01-17T10:42:14Z,6,13
2020-01-17T10:55:35Z,1,6
2020-01-17T11:03:22Z,13,32
2020-01-17T11:07:05Z,6,11
2020-01-17T16:04:17Z,14,32
2020-01-17T16:35:57Z,5,8
2020-01-17T18:01:23Z,6,3
2020-01-19T04:09:11Z,9,1
2020-01-19T23:01:01Z,5,5
2020-01-20T01:23:32Z,8,2
2020-01-20T18:30:04Z,5,10
2020-01-21T08:00:00Z,8,5
2020-01-21T08:13:42Z,8,10
2020-01-21T10:17:13Z,7,7
2020-01-21T10:52:43Z,3,2
2020-01-21T11:02:05Z,24,17
2020-01-21T12:02:34Z,17,9
2020-01-21T12:04:00Z,21,3
2020-01-21T12:31:22Z,7,5
2020-01-21T14:42:32Z,5,9
2020-01-21T14:43:09Z,27,21
2020-01-21T14:50:38Z,8,5
2020-01-21T17:28:57Z,6,1
2020-01-21T21:29:06Z,60,42
2020-01-22T06:05:19Z,11,2
2020-01-22T07:05:00Z,9,4
2020-01-22T07:05:19Z,13,3
2020-01-22T07:14:03Z,63,42
2020-01-22T14:34:06Z,9,0
2020-01-22T14:49:08Z,12,8
2020-01-22T15:44:24Z,21,8
2020-01-22T16:44:24Z,39,20
2020-01-22T17:23:55Z,14,10
2020-01-22T18:33:59Z,1,4
2020-01-22T23:09:54Z,0,8
2020-01-23T00:42:39Z,7,0
2020-01-23T12:22:10Z,6,0
2020-01-23T23:55:15Z,18,4
2020-01-24T04:00:11Z,9,10
2020-01-24T14:20:03Z,26,6
2020-01-24T22:48:23Z,0,3
2020-01-24T22:52:42Z,0,2
2020-01-25T01:47:30Z,9,1
2020-01-25T11:16:09Z,23,3
2020-01-25T12:00:00Z,0,2
2020-01-25T15:01:45Z,1,6
2020-01-25T19:43:55Z,50,1
2020-01-27T06:43:14Z,16,12
2020-01-27T07:10:18Z,0,0
2020-01-27T10:50:39Z,1,18
2020-01-27T14:32:51Z,12,4
2020-01-27T15:09:07Z,5,35
2020-01-27T21:09:45Z,10,22
2020-01-28T06:00:10Z,12,9
2020-01-28T07:15:20Z,3,13
2020-01-28T14:30:49Z,4,12
2020-01-28T14:31:24Z,9,9
2020-01-28T15:09:33Z,6,5
2020-01-28T15:14:58Z,1,3
2020-01-28T15:15:52Z,5,1
2020-01-28T15:16:40Z,1,2
2020-01-28T15:17:44Z,10,16
2020-01-28T15:27:25Z,0,0
2020-01-28T15:34:25Z,15,19
2020-01-28T16:00:00Z,9,7
2020-01-28T16:00:12Z,22,8
2020-01-28T16:05:16Z,10,6
2020-01-28T16:10:11Z,3,6
2020-01-28T16:26:58Z,8,8
2020-01-28T16:27:33Z,9,14
2020-01-28T16:39:07Z,14,20
2020-01-28T16:40:30Z,4,6
2020-01-28T17:00:34Z,0,0
2020-01-28T17:13:08Z,1,1
2020-01-28T17:27:58Z,8,7
2020-01-28T17:30:30Z,8,9
2020-01-28T17:50:53Z,14,12
2020-01-28T18:12:45Z,16,6
2020-01-28T18:28:41Z,10,13
2020-01-28T21:01:01Z,10,13
2020-01-28T21:15:39Z,12,6
2020-01-28T22:09:58Z,1,2
2020-01-29T00:47:05Z,7,0
2020-01-29T01:12:30Z,10,13
2020-01-29T01:29:42Z,16,7
2020-01-29T03:00:34Z,8,2
2020-01-29T04:03:46Z,9,15
2020-01-29T04:07:51Z,9,15
2020-01-29T04:08:15Z,9,15
2020-01-29T04:15:50Z,2,8
2020-01-29T06:52:19Z,4,9
2020-01-29T07:15:38Z,3,1
2020-01-29T08:01:45Z,9,16
2020-01-29T08:54:26Z,14,17
2020-01-29T09:41:10Z,12,13
2020-01-29T10:17:22Z,2,8
2020-01-29T11:06:33Z,3,3
2020-01-29T11:16:46Z,5,4
2020-01-29T15:21:00Z,6,8
2020-01-29T15:21:42Z,5,4
2020-01-29T15:21:44Z,10,8
2020-01-29T15:22:26Z,9,3
2020-01-29T15:25:14Z,9,8
2020-01-29T18:00:00Z,12,13
2020-01-30T02:47:35Z,8,24
2020-01-30T03:02:30Z,8,24
2020-01-30T05:22:49Z,6,3
2020-01-30T14:30:41Z,14,1
2020-01-31T03:18:42Z,9,1
2020-01-31T17:03:48Z,7,14
2020-01-31T17:59:41Z,0,7
2020-01-31T18:09:56Z,0,7
2020-02-01T04:00:00Z,48,31
2020-02-02T16:01:14Z,24,26
2020-02-04T00:31:45Z,7,0
2020-02-04T05:47:00Z,36,11
2020-02-04T11:03:07Z,16,13
2020-02-04T12:00:00Z,2,0
2020-02-04T22:39:55Z,4,3
2020-02-05T08:26:03Z,0,15
2020-02-05T10:25:42Z,5,22
2020-02-05T11:52:57Z,3,0
2020-02-05T12:09:54Z,3,0
2020-02-05T12:22:42Z,21,8
2020-02-05T12:37:11Z,13,0
2020-02-05T15:06:12Z,8,2
2020-02-10T00:12:27Z,7,0
2020-02-10T05:30:00Z,16,31
2020-02-10T10:59:31Z,9,27
2020-02-10T16:24:40Z,18,61
2020-02-12T13:00:00Z,18,1
2020-02-12T18:06:29Z,1,10
2020-02-13T00:13:10Z,24,10
2020-02-13T05:15:38Z,39,11
2020-02-13T12:12:29Z,8,3
2020-02-13T16:25:37Z,10,0
2020-02-14T11:46:08Z,9,12
2020-02-14T12:03:00Z,15,0
2020-02-14T12:42:33Z,5,7
2020-02-15T20:02:29Z,14,12
2020-02-16T00:02:17Z,7,0
2020-02-17T00:00:01Z,6,1
2020-02-18T01:00:00Z,37,4
2020-02-18T10:00:12Z,9,6
2020-02-18T11:55:44Z,11,9
2020-02-19T04:26:08Z,15,10
2020-02-19T07:53:58Z,27,6
2020-02-19T10:44:46Z,11,8
2020-02-19T18:00:00Z,8,4
2020-02-20T06:17:26Z,11,8
2020-02-20T18:46:59Z,15,3
2020-02-20T20:40:00Z,21,1
2020-02-21T10:55:24Z,10,10
2020-02-22T00:23:04Z,7,0
2020-02-24T19:24:38Z,27,9
2020-02-25T07:00:50Z,14,24
2020-02-25T09:19:00Z,11,3
2020-02-25T17:16:08Z,4,5
2020-02-26T02:10:01Z,4,2
2020-02-26T02:10:07Z,3,6
2020-02-26T02:11:02Z,7,11
2020-02-26T02:11:14Z,9,5
2020-02-26T02:15:04Z,7,10
2020-02-26T05:20:08Z,8,8
2020-02-26T07:00:00Z,6,0
2020-02-26T07:00:03Z,14,5
2020-02-26T07:43:06Z,7,8
2020-02-26T08:20:00Z,4,8
2020-02-26T08:50:14Z,4,7
2020-02-26T08:50:15Z,6,10
2020-02-26T10:43:35Z,3,2
2020-02-26T10:54:27Z,NA,NA
2020-02-26T12:00:04Z,21,17
2020-02-26T12:06:50Z,6,5
2020-02-27T00:41:27Z,3,0
2020-02-27T01:45:20Z,6,10
2020-02-27T05:56:01Z,32,9
2020-02-27T09:45:02Z,5,5
2020-02-27T09:56:52Z,2,0
2020-02-27T10:36:54Z,1,3
2020-02-27T10:38:46Z,2,7
2020-02-28T00:22:11Z,7,0
2020-02-29T10:30:09Z,10,21
2020-02-29T16:00:07Z,5,7
2020-03-01T01:05:07Z,19,11
2020-03-01T16:33:53Z,19,5
2020-03-01T19:51:43Z,9,8
2020-03-02T05:19:27Z,2,0
2020-03-02T08:56:55Z,10,2
2020-03-02T09:46:00Z,3,1
2020-03-03T04:00:39Z,74,23
2020-03-03T09:06:40Z,14,6
2020-03-04T00:02:40Z,6,0
2020-03-04T09:47:03Z,5,11
2020-03-04T16:13:39Z,12,11
2020-03-04T17:51:33Z,12,1
2020-03-04T18:01:18Z,6,3
2020-03-04T20:34:57Z,7,1
2020-03-04T21:08:57Z,6,3
2020-03-04T21:25:51Z,10,11
2020-03-04T21:55:44Z,2,3
2020-03-04T22:36:00Z,4,5
2020-03-04T23:06:44Z,5,5
2020-03-04T23:49:55Z,2,4
2020-03-05T00:05:29Z,7,0
2020-03-05T02:30:17Z,6,8
2020-03-05T04:11:55Z,6,2
2020-03-05T05:16:08Z,27,30
2020-03-05T05:26:23Z,7,9
2020-03-05T05:38:30Z,7,1
2020-03-05T06:11:20Z,7,1
2020-03-05T06:30:09Z,1,2
2020-03-05T06:34:50Z,7,4
2020-03-05T07:21:36Z,1,5
2020-03-05T08:05:06Z,8,7
2020-03-05T08:10:33Z,6,6
2020-03-05T08:21:00Z,1,7
2020-03-05T08:21:36Z,13,17
2020-03-05T08:34:22Z,9,11
2020-03-05T09:41:30Z,9,7
2020-03-05T09:50:03Z,3,12
2020-03-05T09:51:53Z,8,7
2020-03-05T09:52:12Z,8,10
2020-03-05T09:56:33Z,8,4
2020-03-05T10:26:06Z,11,10
2020-03-05T10:28:18Z,6,4
2020-03-05T10:47:14Z,3,0
2020-03-05T10:52:12Z,6,7
2020-03-05T11:00:00Z,13,10
2020-03-05T11:51:16Z,9,9
2020-03-05T12:37:19Z,0,5
2020-03-05T12:47:09Z,1,3
2020-03-05T12:51:16Z,23,23
2020-03-05T13:12:39Z,1,7
2020-03-05T13:17:55Z,9,15
2020-03-05T13:48:53Z,14,16
2020-03-05T15:47:50Z,0,3
2020-03-05T16:24:13Z,2,9
2020-03-05T16:33:46Z,5,4
2020-03-05T16:40:32Z,34,36
2020-03-05T16:45:24Z,4,15
2020-03-05T16:58:18Z,3,12
2020-03-05T17:29:04Z,3,15
2020-03-05T17:29:10Z,6,11
2020-03-05T17:46:27Z,8,11
2020-03-05T19:05:21Z,8,4
2020-03-05T19:07:52Z,2,10
2020-03-05T19:13:32Z,7,18
2020-03-06T03:57:46Z,15,7
2020-03-06T04:23:24Z,11,6
2020-03-06T06:00:00Z,20,10
2020-03-06T06:02:13Z,12,14
2020-03-06T06:30:06Z,7,3
2020-03-06T06:47:38Z,5,12
2020-03-06T08:49:52Z,3,3
2020-03-06T09:51:00Z,7,3
2020-03-06T13:50:20Z,15,23
2020-03-06T21:01:05Z,4,5
2020-03-06T21:03:49Z,7,9
2020-03-06T23:32:05Z,7,2
2020-03-07T06:06:10Z,7,22
2020-03-07T06:32:46Z,7,23
2020-03-07T07:55:28Z,14,29
2020-03-07T08:00:42Z,133,26
2020-03-07T12:17:05Z,17,3
2020-03-07T17:30:16Z,23,30
2020-03-09T01:39:29Z,1,4
2020-03-09T09:53:11Z,5,6
2020-03-09T12:32:18Z,28,35
2020-03-09T12:40:55Z,3,0
2020-03-09T13:48:27Z,10,3
2020-03-09T18:06:03Z,10,16
2020-03-10T13:20:04Z,22,14
2020-03-11T00:36:11Z,7,0
2020-03-11T11:31:02Z,6,16
2020-03-11T11:39:06Z,9,24
2020-03-11T12:02:23Z,10,17
2020-03-11T15:04:45Z,3,8
2020-03-12T06:25:15Z,2,8
2020-03-12T08:32:04Z,3,11
2020-03-12T10:02:01Z,13,9
2020-03-12T10:07:23Z,5,29
2020-03-12T10:07:58Z,2,10
2020-03-12T10:08:28Z,7,8
2020-03-12T10:10:44Z,4,15
2020-03-12T10:24:11Z,0,3
2020-03-12T10:57:04Z,2,12
2020-03-12T11:01:04Z,15,12
2020-03-12T11:03:29Z,0,1
2020-03-12T11:13:57Z,15,18
2020-03-12T11:23:32Z,1,3
2020-03-12T11:30:17Z,1,9
2020-03-12T11:48:01Z,6,15
2020-03-12T11:54:19Z,5,8
2020-03-12T11:55:53Z,2,14
2020-03-12T12:03:19Z,12,7
2020-03-12T12:08:12Z,6,1
2020-03-12T12:43:22Z,5,6
2020-03-12T12:57:28Z,7,3
2020-03-12T13:42:58Z,37,81
2020-03-12T14:28:59Z,34,61
2020-03-12T16:58:37Z,2,4
2020-03-12T19:39:41Z,3,15
2020-03-13T00:40:58Z,1,2
2020-03-13T06:02:30Z,0,3
2020-03-13T09:45:22Z,3,2
2020-03-13T18:18:09Z,17,19
2020-03-15T03:30:00Z,0,1
2020-03-15T08:17:09Z,12,8
2020-03-15T16:28:26Z,14,11
2020-03-15T16:30:07Z,5,1
2020-03-15T16:31:37Z,16,26
2020-03-15T16:41:29Z,4,3
2020-03-15T17:01:32Z,4,2
2020-03-15T17:05:13Z,2,6
2020-03-15T17:10:52Z,6,3
2020-03-15T17:23:24Z,2,0
2020-03-15T17:25:28Z,0,1
2020-03-15T17:35:19Z,4,1
2020-03-15T17:48:30Z,12,1
2020-03-15T18:00:11Z,0,1
2020-03-15T18:01:26Z,3,0
2020-03-15T18:01:37Z,2,7
2020-03-15T18:59:56Z,5,1
2020-03-15T20:53:29Z,10,7
2020-03-15T21:21:04Z,9,1
2020-03-15T21:24:27Z,13,5
2020-03-16T01:20:10Z,6,2
2020-03-16T04:11:34Z,7,3
2020-03-16T06:08:21Z,0,2
2020-03-16T06:17:29Z,0,1
2020-03-16T06:38:22Z,4,3
2020-03-16T07:15:07Z,8,4
2020-03-16T07:31:34Z,5,2
2020-03-16T08:06:36Z,10,2
2020-03-16T08:23:32Z,15,9
2020-03-16T08:24:02Z,42,78
2020-03-16T09:32:09Z,4,13
2020-03-16T10:15:03Z,4,13
2020-03-16T11:33:11Z,4,14
2020-03-16T11:58:01Z,0,4
2020-03-16T12:26:10Z,14,29
2020-03-16T13:01:44Z,4,14
2020-03-16T13:54:20Z,14,29
2020-03-16T15:36:58Z,5,5
2020-03-16T15:46:00Z,0,1
2020-03-16T16:57:13Z,4,1
2020-03-16T17:48:48Z,15,17
2020-03-16T17:51:43Z,6,12
2020-03-16T18:18:27Z,2,1
2020-03-16T18:35:22Z,6,13
2020-03-16T18:50:25Z,7,11
2020-03-16T19:35:48Z,7,14
2020-03-17T04:27:00Z,10,11
2020-03-17T07:58:02Z,5,6
2020-03-17T11:13:00Z,11,3
2020-03-17T20:42:07Z,6,6
2020-03-18T10:12:22Z,61,10
2020-03-18T17:55:50Z,11,3
2020-03-19T09:34:06Z,6,10
2020-03-19T11:44:51Z,17,21
2020-03-19T13:22:42Z,16,10
2020-03-19T15:08:49Z,16,10
2020-03-19T17:27:41Z,6,7
2020-03-20T11:51:59Z,8,9
2020-03-20T18:15:36Z,24,14
2020-03-20T19:09:10Z,0,0
2020-03-20T19:18:43Z,5,4
2020-03-20T20:01:00Z,2,4
2020-03-20T20:01:45Z,3,5
2020-03-20T21:03:09Z,1,0
2020-03-20T21:48:27Z,0,3
2020-03-20T21:54:25Z,37,61
2020-03-21T00:01:23Z,5,6
2020-03-21T01:18:07Z,4,9
2020-03-21T01:23:31Z,4,11
2020-03-21T01:40:22Z,5,10
2020-03-21T03:06:27Z,3,5
2020-03-21T06:18:00Z,6,7
2020-03-21T09:58:40Z,1,5
2020-03-21T10:42:32Z,6,5
2020-03-21T12:58:54Z,27,5
2020-03-21T14:15:42Z,2,5
2020-03-21T16:16:32Z,7,8
2020-03-22T08:37:26Z,1,3
2020-03-22T21:32:07Z,3,6
2020-03-23T08:23:28Z,49,62
2020-03-24T10:30:29Z,12,7
2020-03-24T13:45:59Z,11,8
2020-03-25T08:32:48Z,6,4
2020-03-25T08:48:14Z,7,1
2020-03-25T08:50:07Z,10,2
2020-03-25T08:54:40Z,6,1
2020-03-25T10:37:03Z,8,2
2020-03-25T11:01:40Z,4,3
2020-03-25T11:09:25Z,8,3
2020-03-25T11:43:47Z,6,6
2020-03-25T12:57:12Z,7,6
2020-03-25T12:59:26Z,6,6
2020-03-25T13:37:19Z,3,3
2020-03-25T13:51:34Z,23,7
2020-03-25T14:25:44Z,18,7
2020-03-26T08:55:38Z,19,3
2020-03-26T09:41:30Z,4,2
2020-03-26T15:37:36Z,32,9
2020-03-27T17:25:41Z,30,41
2020-03-28T06:59:36Z,7,1
2020-03-29T16:41:34Z,1,0
2020-03-30T13:15:37Z,15,6
2020-04-01T09:08:17Z,20,11
2020-04-01T16:31:54Z,1,0
2020-04-01T16:54:08Z,5,6
2020-04-02T09:26:48Z,5,13
2020-04-02T09:44:52Z,26,12
2020-04-03T04:47:16Z,15,33
2020-04-03T21:53:02Z,1,3
2020-04-03T23:32:58Z,1,3
2020-04-04T04:59:13Z,5,3
2020-04-04T23:45:07Z,3,5
2020-04-05T01:47:41Z,5,8
2020-04-05T04:35:12Z,7,5
2020-04-05T10:04:25Z,7,7
2020-04-06T00:57:32Z,1,7
2020-04-06T18:24:54Z,11,0
2020-04-08T12:52:35Z,13,12
2020-04-08T16:27:01Z,4,10
2020-04-08T16:31:14Z,0,1
2020-04-08T16:34:44Z,22,14
2020-04-08T16:40:28Z,8,9
2020-04-08T16:59:23Z,3,9
2020-04-08T17:01:57Z,12,12
2020-04-08T17:47:16Z,4,4
2020-04-08T18:17:30Z,15,25
2020-04-08T18:18:39Z,2,8
2020-04-09T02:53:30Z,3,7
2020-04-09T03:03:34Z,3,10
2020-04-09T07:02:27Z,16,7
2020-04-09T11:57:41Z,10,15
2020-04-10T14:02:10Z,10,4
2020-04-12T20:21:16Z,4,0
2020-04-13T05:00:01Z,40,24
2020-04-13T18:48:11Z,12,1
2020-04-15T04:31:37Z,11,1
2020-04-15T09:36:08Z,4,2
2020-04-16T08:00:00Z,21,12
2020-04-16T08:00:08Z,6,3
2020-04-16T09:04:34Z,5,1
2020-04-16T09:22:20Z,17,3
2020-04-16T09:46:28Z,7,6
2020-04-16T09:55:22Z,2,6
2020-04-16T11:44:55Z,3,1
2020-04-16T18:24:00Z,21,8
2020-04-18T04:00:00Z,14,9
2020-04-20T22:00:00Z,5,1
2020-04-20T22:01:01Z,4,7
2020-04-21T00:12:00Z,9,3
2020-04-21T04:49:06Z,11,11
2020-04-21T08:33:33Z,9,3
2020-04-21T13:21:22Z,1,3
2020-04-21T13:21:24Z,3,6
2020-04-21T14:20:49Z,NA,NA
2020-04-21T17:15:56Z,0,0
2020-04-22T11:04:09Z,26,15
2020-04-23T04:07:28Z,3,2
2020-04-23T04:07:50Z,3,0
2020-04-23T07:00:34Z,0,0
2020-04-23T08:00:15Z,9,2
2020-04-23T09:28:20Z,10,0
2020-04-23T10:46:58Z,17,5
2020-04-24T00:48:45Z,14,5
2020-04-24T10:05:37Z,6,1
2020-04-24T14:32:16Z,10,2
2020-04-25T15:47:03Z,19,8
2020-04-26T21:33:42Z,0,0
2020-04-26T21:35:15Z,0,1
2020-04-26T23:50:56Z,7,3
2020-04-28T14:38:12Z,8,11
2020-04-28T14:52:00Z,2,13
2020-04-28T15:13:33Z,1,0
2020-04-28T15:23:33Z,0,5
2020-04-28T15:30:03Z,7,14
2020-04-28T15:45:09Z,1,8
2020-04-28T15:47:51Z,4,12
2020-04-28T15:52:18Z,1,10
2020-04-28T15:52:20Z,19,39
2020-04-28T15:52:50Z,2,9
2020-04-28T16:27:47Z,1,7
2020-04-28T16:54:12Z,7,15
2020-04-28T17:53:30Z,7,9
2020-04-28T18:00:03Z,19,33
2020-04-28T19:04:36Z,8,15
2020-04-29T03:17:09Z,3,1
2020-04-29T08:30:00Z,15,12
2020-04-29T08:56:58Z,4,4
2020-04-29T10:51:08Z,10,5
2020-04-29T10:51:54Z,19,8
2020-04-29T11:13:40Z,13,5
2020-04-29T11:16:40Z,2,5
2020-04-29T11:57:55Z,12,1
2020-04-29T12:18:50Z,21,24
2020-04-29T13:42:31Z,8,4
2020-04-29T17:48:46Z,18,23
2020-04-29T18:43:35Z,10,4
2020-04-29T21:14:36Z,9,10
2020-04-30T03:51:15Z,2,3
2020-04-30T06:05:35Z,9,2
2020-04-30T12:19:40Z,4,3
2020-04-30T14:11:01Z,24,14
2020-05-02T08:03:59Z,21,32
2020-05-05T01:07:52Z,8,4
2020-05-05T02:13:11Z,2,0
2020-05-05T08:17:37Z,16,38
2020-05-05T08:36:52Z,20,48
2020-05-05T08:42:42Z,19,12
2020-05-05T10:56:29Z,14,11
2020-05-05T11:24:45Z,16,6
2020-05-05T16:06:37Z,29,12
2020-05-05T17:41:16Z,6,7
2020-05-05T19:22:01Z,6,4
2020-05-05T21:00:28Z,3,0
2020-05-06T05:03:38Z,33,4
2020-05-06T09:07:17Z,6,3
2020-05-06T09:47:00Z,6,24
2020-05-06T13:07:33Z,2,2
2020-05-11T00:00:19Z,8,4
2020-05-11T06:01:11Z,2,0
2020-05-11T06:03:47Z,22,9
2020-05-11T10:04:53Z,3,2
2020-05-11T10:45:55Z,2,2
2020-05-11T13:45:14Z,2,1
2020-05-12T19:11:39Z,5,9
2020-05-13T20:19:08Z,16,22
2020-05-14T06:49:35Z,16,14
2020-05-14T08:40:08Z,16,1
2020-05-14T08:53:52Z,19,13
2020-05-14T11:21:39Z,4,9
2020-05-14T13:27:14Z,12,22
2020-05-15T16:54:06Z,11,13
2020-05-16T00:11:57Z,0,2
2020-05-17T00:20:22Z,8,4
2020-05-17T11:00:56Z,32,28
2020-05-18T08:37:44Z,6,0
2020-05-18T19:33:48Z,1,3
2020-05-19T02:06:02Z,4,8
2020-05-19T12:16:21Z,3,5
2020-05-19T13:05:32Z,2,7
2020-05-20T06:33:03Z,3,3
2020-05-20T07:25:03Z,12,1
2020-05-20T07:58:23Z,12,1
2020-05-20T10:10:23Z,13,11
2020-05-20T18:51:45Z,14,22
2020-05-20T20:06:04Z,0,2
2020-05-21T08:10:07Z,14,6
2020-05-21T08:15:38Z,3,1
2020-05-21T08:18:29Z,3,1
2020-05-21T09:00:15Z,4,2
2020-05-21T11:22:26Z,4,5
2020-05-21T12:17:54Z,11,11
2020-05-21T13:45:20Z,0,1
2020-05-21T17:43:31Z,8,4
2020-05-22T11:52:38Z,6,5
2020-05-22T12:50:13Z,9,4
2020-05-22T14:53:36Z,17,4
2020-05-23T00:14:05Z,8,4
2020-05-26T03:20:20Z,2,0
2020-05-26T15:54:55Z,6,14
2020-05-27T03:10:00Z,2,2
2020-05-27T15:15:29Z,18,3
2020-05-28T05:24:41Z,9,1
2020-05-28T08:43:48Z,1,7
2020-05-29T00:19:43Z,8,4
2020-05-29T03:54:22Z,37,43
2020-06-01T09:53:40Z,19,11
2020-06-01T17:57:05Z,15,5
2020-06-03T04:41:37Z,1,7
2020-06-04T00:47:35Z,8,4
2020-06-04T18:43:30Z,0,1
2020-06-04T18:46:04Z,18,18
2020-06-06T12:27:40Z,17,30
2020-06-07T09:54:18Z,17,19
2020-06-09T08:01:18Z,9,18
2020-06-10T00:33:52Z,8,4
2020-06-10T07:17:00Z,2,13
2020-06-10T07:21:47Z,8,15
2020-06-10T07:30:04Z,0,1
2020-06-10T08:00:06Z,6,5
2020-06-10T08:08:34Z,13,20
2020-06-10T08:10:50Z,2,6
2020-06-10T08:16:50Z,2,15
2020-06-10T08:17:20Z,1,6
2020-06-10T08:18:32Z,7,7
2020-06-10T08:38:29Z,1,6
2020-06-10T08:50:10Z,3,7
2020-06-10T08:59:56Z,8,2
2020-06-10T09:05:44Z,3,10
2020-06-10T09:09:10Z,5,6
2020-06-10T09:09:11Z,4,4
2020-06-10T09:19:22Z,3,11
2020-06-10T09:45:45Z,NA,NA
2020-06-10T09:50:51Z,1,0
2020-06-10T09:58:16Z,21,17
2020-06-10T10:12:06Z,5,13
2020-06-10T10:58:07Z,11,6
2020-06-10T11:10:12Z,10,10
2020-06-10T11:13:53Z,5,14
2020-06-10T11:18:44Z,10,17
2020-06-10T11:43:43Z,3,11
2020-06-10T12:00:41Z,23,28
2020-06-10T12:15:31Z,12,17
2020-06-10T12:49:53Z,10,13
2020-06-10T12:51:29Z,13,3
2020-06-10T13:06:14Z,4,0
2020-06-10T13:13:23Z,2,1
2020-06-10T13:24:49Z,4,12
2020-06-10T13:46:02Z,9,4
2020-06-10T13:58:56Z,8,1
2020-06-10T14:18:00Z,4,9
2020-06-10T14:22:15Z,5,12
2020-06-10T14:28:34Z,7,13
2020-06-10T14:35:43Z,19,5
2020-06-10T14:45:17Z,4,3
2020-06-10T15:10:25Z,6,5
2020-06-10T15:18:12Z,9,14
2020-06-10T15:35:25Z,17,7
2020-06-10T16:38:00Z,3,1
2020-06-10T17:09:32Z,12,7
2020-06-11T06:38:44Z,1,0
2020-06-11T09:17:54Z,13,11
2020-06-11T10:08:35Z,13,9
2020-06-11T10:54:29Z,7,2
2020-06-11T12:05:30Z,16,4
2020-06-11T15:15:39Z,14,8
2020-06-11T16:00:00Z,13,18
2020-06-11T16:00:41Z,3,4
2020-06-11T19:06:25Z,29,42
2020-06-11T23:17:35Z,7,10
2020-06-12T07:42:43Z,5,11
2020-06-12T08:02:10Z,15,21
2020-06-12T08:52:16Z,6,7
2020-06-12T09:14:33Z,12,11
2020-06-12T09:17:36Z,11,11
2020-06-12T09:54:25Z,4,2
2020-06-12T10:06:15Z,20,4
2020-06-12T10:12:34Z,8,1
2020-06-12T10:35:01Z,19,30
2020-06-12T10:37:04Z,44,36
2020-06-12T10:59:24Z,11,19
2020-06-12T11:39:04Z,6,5
2020-06-12T11:42:41Z,28,13
2020-06-12T12:08:00Z,3,12
2020-06-12T13:08:19Z,2,8
2020-06-12T13:08:21Z,8,17
2020-06-12T13:09:23Z,8,9
2020-06-12T13:11:59Z,4,2
2020-06-12T13:25:42Z,6,4
2020-06-12T13:32:04Z,14,3
2020-06-12T13:38:49Z,0,2
2020-06-12T13:43:06Z,20,2
2020-06-12T13:47:52Z,14,24
2020-06-12T13:47:55Z,13,4
2020-06-12T14:02:40Z,16,6
2020-06-12T14:15:58Z,7,2
2020-06-12T14:16:08Z,45,48
2020-06-12T14:53:39Z,4,6
2020-06-12T15:06:05Z,1,6
2020-06-12T15:13:20Z,8,9
2020-06-12T15:23:21Z,12,11
2020-06-12T15:50:14Z,0,1
2020-06-12T16:06:23Z,NA,NA
2020-06-12T18:37:00Z,9,1
2020-06-13T20:05:00Z,15,30
2020-06-14T21:52:09Z,6,6
2020-06-15T06:53:45Z,28,8
2020-06-16T00:35:17Z,8,4
2020-06-17T03:19:24Z,10,0
2020-06-17T13:30:00Z,23,11
2020-06-17T16:13:09Z,1,1
2020-06-22T00:22:17Z,8,4
2020-06-22T13:13:35Z,3,11
2020-06-23T04:00:01Z,8,9
2020-06-23T04:00:06Z,10,7
2020-06-23T04:00:12Z,3,4
2020-06-23T04:00:14Z,6,18
2020-06-23T05:57:00Z,5,8
2020-06-23T06:13:04Z,5,5
2020-06-23T06:40:35Z,2,8
2020-06-23T06:57:16Z,9,7
2020-06-23T07:08:22Z,3,3
2020-06-23T07:26:21Z,8,12
2020-06-23T07:27:33Z,3,3
2020-06-23T07:59:05Z,16,11
2020-06-23T08:53:32Z,3,4
2020-06-23T09:31:13Z,8,6
2020-06-23T09:33:00Z,NA,NA
2020-06-23T10:17:14Z,3,3
2020-06-23T10:34:33Z,19,18
2020-06-23T10:44:05Z,8,3
2020-06-23T11:25:44Z,15,5
2020-06-23T12:40:31Z,3,6
2020-06-23T13:00:08Z,3,3
2020-06-23T13:01:29Z,5,26
2020-06-23T14:04:46Z,4,5
2020-06-23T14:25:39Z,7,23
2020-06-23T18:45:00Z,3,5
2020-06-24T01:40:00Z,5,7
2020-06-24T06:32:15Z,13,11
2020-06-24T06:53:13Z,1,3
2020-06-24T07:18:29Z,4,22
2020-06-24T08:27:06Z,11,11
2020-06-24T15:44:17Z,2,7
2020-06-24T21:19:40Z,8,9
2020-06-25T02:06:41Z,2,3
2020-06-25T12:41:38Z,9,23
2020-06-25T15:26:47Z,7,14
2020-06-25T23:46:58Z,1,22
2020-06-26T08:46:36Z,2,6
2020-06-26T10:55:24Z,4,9
2020-06-26T11:11:27Z,11,9
2020-06-26T13:08:32Z,13,9
2020-06-26T13:16:02Z,15,10
2020-06-26T14:21:19Z,18,15
2020-06-26T14:57:00Z,17,47
2020-06-26T16:53:15Z,5,5
2020-06-26T21:49:00Z,10,10
2020-06-27T10:27:15Z,9,9
2020-06-27T10:50:26Z,11,5
2020-06-27T12:43:15Z,6,5
2020-06-27T12:53:24Z,5,2
2020-06-27T16:59:53Z,34,60
2020-06-28T00:25:55Z,8,4
2020-06-28T11:10:47Z,7,10
2020-06-28T11:52:00Z,14,15
2020-06-28T12:08:25Z,0,8
2020-06-28T12:22:36Z,2,9
2020-06-28T12:32:30Z,2,12
2020-06-28T12:47:42Z,10,7
2020-06-28T12:47:45Z,10,7
2020-06-28T12:48:00Z,5,9
2020-06-28T12:48:15Z,14,7
2020-06-28T12:48:38Z,5,7
2020-06-28T12:51:50Z,16,15
2020-06-28T12:52:20Z,10,7
2020-06-28T12:57:46Z,1,7
2020-06-28T13:20:49Z,9,13
2020-06-28T13:41:50Z,2,13
2020-06-28T13:54:07Z,13,8
2020-06-28T15:24:32Z,14,14
2020-06-28T15:37:55Z,2,4
2020-06-28T15:54:39Z,16,13
2020-06-28T16:50:24Z,13,11
2020-06-28T18:20:16Z,8,7
2020-06-28T18:26:00Z,23,15
2020-06-28T18:29:19Z,9,9
2020-06-28T18:44:10Z,12,9
2020-06-28T19:44:50Z,9,7
2020-06-28T20:52:01Z,12,10
2020-06-28T22:15:32Z,18,27
2020-06-29T01:00:21Z,114,63
2020-06-29T02:05:00Z,3,3
2020-06-29T03:21:10Z,0,4
2020-06-29T05:36:24Z,17,15
2020-06-29T05:39:28Z,10,8
2020-06-29T06:45:00Z,22,31
2020-06-29T06:51:39Z,11,11
2020-06-29T07:12:19Z,6,19
2020-06-29T07:18:02Z,16,22
2020-06-29T07:21:55Z,8,25
2020-06-29T07:41:16Z,10,17
2020-06-29T09:16:31Z,8,7
2020-06-29T10:00:06Z,7,21
2020-06-29T11:05:33Z,16,9
2020-06-29T12:23:41Z,7,11
2020-06-29T13:22:07Z,6,29
2020-06-29T13:33:07Z,2,5
2020-06-29T15:21:36Z,13,14
2020-06-29T15:45:50Z,8,26
2020-06-29T22:01:02Z,4,22
2020-06-30T14:51:08Z,5,24
2020-07-01T06:16:49Z,11,30
2020-07-01T10:50:34Z,15,16
2020-07-01T17:30:15Z,3,28
2020-07-02T04:30:18Z,2,3
2020-07-02T07:30:44Z,2,3
2020-07-02T08:51:09Z,10,4
2020-07-03T07:19:44Z,2,14
2020-07-03T09:59:04Z,1,4
2020-07-04T01:03:09Z,8,4
2020-07-04T04:16:49Z,2,8
2020-07-06T10:45:19Z,17,22
2020-07-07T10:57:36Z,4,4
2020-07-07T15:41:56Z,6,1
2020-07-07T16:46:04Z,6,4
2020-07-07T17:02:57Z,6,25
2020-07-08T02:24:51Z,3,14
2020-07-08T04:19:43Z,3,13
2020-07-08T20:20:24Z,10,32
2020-07-08T23:03:34Z,10,0
2020-07-09T04:00:19Z,6,0
2020-07-09T04:20:30Z,7,12
2020-07-09T11:44:14Z,7,2
2020-07-09T11:46:47Z,2,2
2020-07-09T12:16:00Z,11,3
2020-07-09T13:20:27Z,7,1
2020-07-09T14:24:08Z,7,3
2020-07-09T15:59:53Z,4,4
2020-07-09T16:08:12Z,4,1
2020-07-09T16:31:02Z,4,6
2020-07-09T16:38:39Z,7,1
2020-07-09T18:50:00Z,2,1
2020-07-09T18:50:42Z,3,2
2020-07-09T19:14:23Z,NA,NA
2020-07-09T20:57:27Z,6,0
2020-07-09T21:24:21Z,0,0
2020-07-10T00:26:46Z,8,4
2020-07-10T05:04:34Z,7,3
2020-07-10T05:45:03Z,40,45
2020-07-10T08:53:59Z,7,3
2020-07-10T10:41:00Z,3,0
2020-07-10T12:00:00Z,16,17
2020-07-10T13:21:49Z,NA,NA
2020-07-10T15:00:18Z,7,2
2020-07-10T20:50:08Z,12,15
2020-07-11T21:54:30Z,6,26
2020-07-12T08:00:34Z,37,42
2020-07-12T16:17:01Z,13,14
2020-07-13T08:11:30Z,33,12
2020-07-13T13:00:27Z,24,21
2020-07-13T15:01:56Z,31,7
2020-07-14T16:08:20Z,8,5
2020-07-14T16:40:20Z,4,2
2020-07-14T20:03:48Z,0,0
2020-07-15T08:41:44Z,7,8
2020-07-15T11:54:03Z,19,19
2020-07-15T13:51:07Z,9,12
2020-07-15T19:04:00Z,5,7
2020-07-15T19:06:24Z,18,12
2020-07-15T21:55:41Z,5,6
2020-07-16T00:02:57Z,8,4
2020-07-16T02:07:54Z,11,12
2020-07-16T05:58:28Z,6,19
2020-07-16T07:00:25Z,9,2
2020-07-16T08:27:45Z,8,7
2020-07-16T12:14:53Z,18,12
2020-07-16T13:09:06Z,15,24
2020-07-16T13:44:02Z,5,13
2020-07-16T16:42:03Z,10,5
2020-07-16T17:29:05Z,1,3
2020-07-16T18:05:00Z,0,2
2020-07-16T21:07:23Z,1,0
2020-07-16T21:13:04Z,1,2
2020-07-17T10:22:55Z,7,3
2020-07-17T12:30:53Z,6,9
2020-07-20T16:26:07Z,31,16
2020-07-20T23:01:06Z,6,6
2020-07-21T02:44:17Z,10,6
2020-07-21T04:13:12Z,1,5
2020-07-21T05:09:52Z,7,7
2020-07-21T08:00:02Z,14,7
2020-07-21T08:04:38Z,22,4
2020-07-21T09:50:29Z,6,5
2020-07-21T11:02:42Z,8,8
2020-07-21T11:06:37Z,10,2
2020-07-21T11:44:56Z,5,2
2020-07-21T11:45:26Z,3,6
2020-07-21T15:29:54Z,5,8
2020-07-21T15:57:00Z,20,7
2020-07-21T16:17:59Z,7,10
2020-07-21T16:30:45Z,8,12
2020-07-22T00:50:21Z,4,7
2020-07-22T01:05:22Z,8,4
2020-07-22T06:01:45Z,4,7
2020-07-22T08:13:52Z,12,5
2020-07-22T08:41:29Z,6,13
2020-07-22T09:25:02Z,4,9
2020-07-22T15:00:26Z,14,4
2020-07-22T17:33:58Z,19,36
2020-07-23T09:35:00Z,4,13
2020-07-23T12:04:20Z,38,22
2020-07-24T10:08:52Z,2,5
2020-07-24T10:16:47Z,41,8
2020-07-24T16:10:49Z,14,14
2020-07-24T19:00:00Z,21,18
2020-07-26T16:53:53Z,5,1
2020-07-27T06:06:03Z,33,19
2020-07-27T14:32:42Z,7,3
2020-07-28T00:18:26Z,8,4
2020-07-28T12:04:14Z,9,3
2020-07-28T14:33:11Z,4,9
2020-07-28T15:07:41Z,8,5
2020-07-28T15:08:24Z,2,6
2020-07-28T15:24:16Z,1,12
2020-07-28T15:36:47Z,14,17
2020-07-28T15:54:35Z,10,11
2020-07-28T15:55:36Z,10,5
2020-07-28T16:04:24Z,5,19
2020-07-28T16:16:23Z,7,4
2020-07-28T16:16:24Z,18,12
2020-07-28T16:22:00Z,9,9
2020-07-28T16:22:42Z,12,9
2020-07-28T16:59:46Z,6,4
2020-07-28T17:03:09Z,8,20
2020-07-28T17:45:15Z,6,1
2020-07-28T18:40:55Z,7,5
2020-07-28T22:49:40Z,2,4
2020-07-29T06:59:56Z,6,0
2020-07-29T07:26:33Z,9,9
2020-07-29T09:11:17Z,2,0
2020-07-30T07:12:24Z,4,10
2020-07-30T08:21:56Z,3,10
2020-07-30T11:47:11Z,25,8
2020-07-30T16:43:25Z,5,1
2020-08-01T07:00:08Z,15,11
2020-08-02T14:40:18Z,6,3
2020-08-03T00:24:07Z,8,4
2020-08-03T15:29:16Z,4,1
2020-08-04T14:27:24Z,0,1
2020-08-07T01:49:37Z,12,23
2020-08-07T15:55:00Z,39,20
2020-08-09T01:22:31Z,8,4
2020-08-11T11:07:25Z,24,6
2020-08-11T21:35:39Z,5,0
2020-08-12T04:00:00Z,34,15
2020-08-12T10:18:57Z,26,41
2020-08-12T10:35:42Z,3,7
2020-08-12T14:02:04Z,6,5
2020-08-12T15:15:20Z,8,11
2020-08-12T15:39:02Z,9,17
2020-08-13T01:32:19Z,16,0
2020-08-13T16:44:06Z,15,1
2020-08-13T19:12:10Z,1,2
2020-08-14T16:55:45Z,4,0
2020-08-15T00:11:04Z,8,4
2020-08-15T10:48:51Z,0,1
2020-08-15T14:50:49Z,15,5
2020-08-17T04:35:00Z,6,4
2020-08-17T08:04:02Z,5,8
2020-08-18T09:11:18Z,18,4
2020-08-19T17:01:40Z,41,58
2020-08-21T00:52:17Z,8,4
2020-08-22T07:31:00Z,3,3
2020-08-23T11:00:02Z,24,7
2020-08-24T11:06:00Z,25,59
2020-08-24T15:52:56Z,15,9
2020-08-24T23:08:15Z,15,22
2020-08-24T23:50:31Z,17,20
2020-08-25T04:00:07Z,4,2
2020-08-25T04:00:51Z,12,4
2020-08-25T09:55:59Z,15,10
2020-08-25T10:02:04Z,4,7
2020-08-25T11:22:25Z,23,10
2020-08-25T12:13:03Z,5,4
2020-08-25T15:09:43Z,4,12
2020-08-26T10:01:17Z,17,12
2020-08-26T11:17:34Z,3,7
2020-08-26T12:11:45Z,4,8
2020-08-26T12:35:53Z,30,26
2020-08-27T00:01:33Z,8,4
2020-08-27T08:00:01Z,13,1
2020-08-27T13:50:34Z,2,1
2020-08-27T20:04:59Z,7,14
2020-08-29T07:00:08Z,19,12
2020-08-29T13:06:25Z,14,11
2020-08-29T16:06:30Z,7,3
2020-08-31T08:39:14Z,17,14
2020-08-31T12:04:25Z,53,42
2020-08-31T13:42:22Z,3,1
2020-08-31T14:02:55Z,1,3
2020-08-31T16:50:58Z,12,0
2020-09-01T07:39:55Z,49,27
2020-09-01T07:45:00Z,12,6
2020-09-01T08:45:12Z,10,2
2020-09-01T08:45:14Z,18,4
2020-09-01T08:47:46Z,11,2
2020-09-01T08:49:24Z,13,3
2020-09-01T09:01:09Z,19,9
2020-09-01T09:33:54Z,NA,NA
2020-09-01T13:13:40Z,15,3
2020-09-01T13:52:37Z,8,3
2020-09-01T16:55:29Z,7,6
2020-09-01T19:57:15Z,2,6
2020-09-02T00:23:24Z,8,4
2020-09-03T01:57:45Z,3,0
2020-09-03T10:01:50Z,44,20
2020-09-04T14:54:49Z,38,7
2020-09-05T08:20:37Z,25,12
2020-09-06T03:06:30Z,11,6
2020-09-07T22:10:29Z,6,8
2020-09-08T00:04:10Z,8,4
2020-09-08T09:10:00Z,13,7
2020-09-08T16:59:58Z,6,1
2020-09-08T21:29:08Z,10,12
2020-09-10T09:17:00Z,22,23
2020-09-10T10:03:22Z,14,2
2020-09-10T10:24:19Z,8,2
2020-09-10T16:24:11Z,10,6
2020-09-10T17:36:08Z,7,2
2020-09-11T17:44:37Z,10,7
2020-09-12T13:10:31Z,9,4
2020-09-14T00:18:10Z,8,4
2020-09-14T04:30:00Z,23,7
2020-09-14T08:52:34Z,19,10
2020-09-14T09:12:50Z,5,1
2020-09-14T12:20:39Z,16,6
2020-09-14T16:47:25Z,22,6
2020-09-15T02:52:49Z,8,2
2020-09-17T03:05:00Z,3,1
2020-09-17T22:58:11Z,14,54
2020-09-18T10:12:10Z,7,37
2020-09-18T13:06:14Z,14,24
2020-09-20T00:30:34Z,8,4
2020-09-21T06:15:00Z,5,0
2020-09-25T12:24:33Z,7,5
2020-09-25T12:55:54Z,8,4
2020-09-26T02:52:53Z,8,4
2020-09-28T14:59:37Z,11,3
2020-09-28T21:51:05Z,0,2
2020-09-29T03:56:44Z,11,14
2020-09-29T05:13:53Z,24,1
2020-09-29T06:52:23Z,35,6
2020-09-29T09:47:37Z,7,6
2020-09-29T12:00:56Z,12,6
2020-09-29T16:44:54Z,10,12
2020-09-29T22:05:00Z,29,5
2020-09-30T21:01:51Z,12,1
2020-10-01T08:31:16Z,9,15
2020-10-01T09:25:11Z,6,3
2020-10-01T13:56:22Z,6,0
2020-10-02T01:18:42Z,8,4
2020-10-02T12:05:33Z,16,2
2020-10-04T10:18:00Z,14,6
2020-10-05T08:12:23Z,2,5
2020-10-05T15:05:48Z,10,7
2020-10-05T15:54:43Z,2,6
2020-10-06T06:00:01Z,16,5
2020-10-08T02:42:08Z,8,4
2020-10-08T15:57:32Z,4,2
2020-10-10T16:38:23Z,22,17
2020-10-13T16:02:16Z,36,37
2020-10-14T00:38:57Z,8,4
2020-10-14T02:07:24Z,12,2
2020-10-14T08:09:06Z,9,12
2020-10-14T09:31:00Z,1,0
2020-10-14T11:32:00Z,9,1
2020-10-14T11:37:02Z,18,18
2020-10-14T13:30:00Z,9,6
2020-10-14T21:09:05Z,13,7
2020-10-15T09:54:29Z,4,1
2020-10-15T13:33:25Z,2,0
2020-10-15T16:14:56Z,7,7
2020-10-16T15:04:40Z,12,1
2020-10-16T16:46:05Z,10,7
2020-10-17T10:38:40Z,5,7
2020-10-19T20:44:27Z,7,3
2020-10-20T04:44:41Z,29,12
2020-10-20T05:25:58Z,8,2
2020-10-20T08:34:44Z,10,8
2020-10-20T10:14:31Z,23,15
2020-10-20T11:09:00Z,1,0
2020-10-20T11:09:52Z,11,7
2020-10-20T11:30:00Z,2,3
2020-10-20T11:31:50Z,20,21
2020-10-20T11:57:08Z,14,8
2020-10-20T12:38:00Z,2,5
2020-10-20T14:02:51Z,10,8
2020-10-20T15:53:55Z,17,7
2020-10-20T22:49:27Z,6,2
2020-10-21T00:28:05Z,13,10
2020-10-21T09:06:50Z,6,2
2020-10-21T13:47:01Z,14,14
2020-10-21T19:49:16Z,25,42
2020-10-22T08:47:25Z,16,25
2020-10-22T13:47:51Z,14,0
2020-10-23T04:46:03Z,8,20
2020-10-23T10:07:17Z,1,13
2020-10-24T04:31:09Z,6,12
2020-10-24T07:20:00Z,12,17
2020-10-24T13:05:08Z,9,25
2020-10-25T10:03:17Z,15,27
2020-10-26T10:00:44Z,25,19
2020-10-26T11:27:24Z,119,86
2020-10-29T14:39:57Z,7,13
2020-10-29T15:09:12Z,12,7
2020-10-29T15:12:44Z,5,7
2020-10-29T15:15:36Z,174,105
2020-10-29T15:21:31Z,1,0
2020-10-29T15:38:11Z,6,8
2020-10-29T15:58:00Z,18,9
2020-10-29T16:08:42Z,33,23
2020-10-29T16:58:19Z,11,5
2020-10-30T07:08:50Z,22,23
2020-10-30T13:09:07Z,11,6
2020-10-30T13:50:47Z,1,4
2020-11-01T04:00:00Z,11,4
2020-11-01T20:13:54Z,7,4
2020-11-01T20:13:55Z,7,4
2020-11-02T10:15:21Z,8,3
2020-11-02T16:50:00Z,8,1
2020-11-03T03:02:39Z,29,58
2020-11-03T12:24:54Z,2,11
2020-11-03T15:16:03Z,2,0
2020-11-04T08:31:00Z,16,4
2020-11-04T09:44:05Z,7,2
2020-11-04T11:31:03Z,21,6
2020-11-05T04:46:58Z,24,1
2020-11-05T05:14:23Z,13,5
2020-11-05T05:27:18Z,14,2
2020-11-05T07:27:00Z,13,2
2020-11-05T08:05:25Z,6,2
2020-11-05T10:03:21Z,11,5
2020-11-05T12:17:23Z,21,3
2020-11-05T15:13:33Z,7,0
2020-11-05T16:22:20Z,10,5
2020-11-05T17:09:00Z,6,2
2020-11-05T18:34:17Z,1,0
2020-11-05T21:35:32Z,14,5
2020-11-05T21:58:48Z,1,0
2020-11-06T01:24:44Z,7,4
2020-11-06T04:05:34Z,13,7
2020-11-06T04:05:37Z,9,4
2020-11-06T07:41:46Z,11,4
2020-11-06T12:01:30Z,29,1
2020-11-06T20:17:00Z,1,0
2020-11-06T21:55:23Z,18,16
2020-11-07T07:17:04Z,14,9
2020-11-07T11:08:50Z,25,15
